Date,PM2.5,temperature,dewpoint,humidity,wind_speed,pressure,PM10,traffic
2017-06-15,28.0,30.897388059701484,22.53134328358211,61.537313432835816,2.9000885970149293,100785.97014925373,57.0,3.3451388888888864
2017-06-16,25.0,31.01272727272725,23.607272727272736,65.85454545454546,3.2574314666666693,100690.42424242424,55.0,3.820833333333332
2017-06-17,22.0,31.711702127659567,24.369148936170216,65.5578947368421,3.850132000000003,100369.89583333331,50.0,1.9961805555555572
2017-06-18,16.0,30.508333333333308,23.907291666666694,68.4375,3.392847333333333,100324.16666666669,35.0,0.98611111111111
2017-06-19,19.0,30.228078817733998,24.5743842364532,72.85714285714286,2.7558701176470617,100494.11764705883,41.0,3.2208333333333323
2017-06-20,23.0,29.11653543307085,24.86299212598423,79.04724409448819,2.001472,100576.33858267717,45.0,3.59236111111111
2017-06-21,18.0,29.375098814229283,24.78537549407115,77.46640316205534,2.5301050434782657,100545.49407114623,44.0,3.8079861111111115
2017-06-22,18.0,28.94229249011857,24.67905138339921,78.62845849802372,2.3944027826086938,100568.06324110672,41.0,3.471527777777777
2017-06-23,13.0,30.04463667820068,23.67543252595154,69.17301038062284,3.6357190865051834,100471.90311418683,32.0,3.9746527777777794
2017-06-24,14.0,29.30118577075099,23.738339920948626,72.60079051383399,3.3204646956521766,100372.80632411069,32.0,2.241666666666669
2017-06-25,15.0,30.161264822134385,23.60395256916998,68.18577075098814,3.393263304347826,100414.90118577077,33.0,1.293728222996516
2017-06-26,15.0,30.36203703703703,23.350462962962986,66.47222222222223,3.6344765925925904,100509.95370370374,34.0,3.0805555555555597
2017-06-27,16.0,30.42490118577075,24.074308300395266,69.15415019762845,3.0110706086956536,100510.0,36.0,3.681403508771931
2017-06-28,13.0,29.63132530120483,24.21767068273094,74.18875502008031,2.3123996787148635,100548.83534136543,29.0,3.644244604316549
2017-06-29,19.0,29.046428571428557,25.190476190476183,80.44047619047619,1.7729038730158715,100541.11111111114,37.0,2.4962025316455687
2017-06-30,16.0,28.56218487394959,24.947478991596647,81.26470588235293,2.00980168067227,100522.52100840336,34.0,5.358762886597943
2017-07-01,17.0,28.58994413407823,24.691061452513967,80.07262569832402,1.7821661675977647,100571.50837988828,40.0,2.341811846689895
2017-07-02,18.0,29.743157894736854,24.41894736842109,73.45263157894736,2.1373217684210517,100507.36842105264,40.0,1.6086805555555554
2017-07-03,16.0,28.815789473684212,24.037894736842127,76.0842105263158,2.6629466947368408,100510.52631578947,40.0,3.922916666666668
2017-07-04,17.0,28.177611940298508,24.46318407960197,81.13432835820895,2.0361448756218894,100617.36318407963,43.0,4.354577464788728
2017-07-05,16.0,28.83266932270918,24.876892430278932,80.04780876494023,2.663182916334666,100671.79282868524,39.0,3.151736111111111
2017-07-06,15.0,29.167054263565888,24.002325581395358,74.74418604651162,2.5077557829457406,100627.7906976744,30.0,3.9739583333333295
2017-07-07,11.0,28.388844621513947,24.25976095617529,79.08366533864542,2.1263787091633533,100660.39840637447,40.0,4.39201388888889
2017-07-08,16.0,28.68818897637797,24.71889763779528,79.87007874015748,1.858032,100716.22047244094,28.0,1.1343749999999988
2017-07-09,13.0,30.20040000000005,24.991200000000024,74.332,2.123261184000001,100751.76,40.0,0.2756097560975613
2017-07-10,18.0,28.801195219123503,24.77848605577689,79.69721115537848,1.559296892430279,100695.05976095617,41.0,0.5524305555555554
2017-07-11,20.0,29.358661417322825,24.48110236220471,75.44094488188976,2.2431200000000038,100561.53543307088,38.0,2.820833333333335
2017-07-12,20.0,27.52371541501975,24.41660079051384,83.59683794466403,1.7397453913043497,100654.98023715414,40.0,3.4545138888888887
2017-07-13,17.0,28.64291338582677,24.67440944881889,79.97637795275591,2.484240000000003,100620.0,39.0,3.645486111111108
2017-07-14,18.0,29.19288537549406,24.155731225296467,74.52173913043478,2.4355728695652177,100544.38735177867,41.0,3.7715277777777785
2017-07-15,21.0,29.585770750988182,23.3790513833992,69.81422924901186,3.2188646956521763,100480.8695652174,36.0,2.5781249999999987
2017-07-16,18.0,29.66825396825396,23.59484126984127,70.22619047619048,4.274199111111104,100295.23809523806,37.0,1.0282229965156795
2017-07-17,17.0,28.777952755905535,24.1318897637795,76.29921259842521,3.6556960000000016,100302.32283464569,39.0,3.0069444444444478
2017-07-18,17.0,29.365748031496075,24.648031496063012,76.05905511811024,2.6081440000000047,100644.05511811023,32.0,3.4420138888888903
2017-07-19,17.0,28.056746031746034,24.82579365079365,83.0436507936508,2.2775978412698485,100693.17460317463,36.0,3.7024305555555546
2017-07-20,19.0,27.55177865612649,24.184189723320173,82.50197628458498,2.9536445217391285,100556.12648221344,36.0,3.793402777777776
2017-07-21,19.0,28.918253968253985,23.284523809523808,71.94444444444444,2.331703873015877,100595.51587301587,33.0,4.017073170731706
2017-07-22,14.0,29.26679841897233,23.940711462450558,73.45849802371542,2.788257391304349,100677.47035573123,31.0,2.5388888888888896
2017-07-23,18.0,29.73543307086616,23.627952755905515,70.8031496062992,3.6127519999999986,100631.4566929134,36.0,0.8063157894736843
2017-07-24,18.0,28.65823293172692,24.090763052208843,77.08032128514056,4.238441895582328,100522.61044176707,34.0,3.236805555555553
2017-07-25,16.0,29.453754940711466,24.07509881422924,73.20158102766798,4.7260786086956506,100278.9723320158,30.0,3.5468750000000018
2017-07-26,15.0,28.21372549019609,23.563529411764694,76.11764705882355,5.396035764705871,100209.45098039217,37.0,3.771785714285712
2017-07-27,18.0,29.02919999999999,23.6232,73.156,4.589670271999991,100288.24,27.0,4.376655052264808
2017-07-28,16.0,28.57637795275589,24.20905511811025,77.86614173228347,3.1965119999999985,100481.88976377953,36.0,1.1944444444444429
2017-07-29,19.0,29.572469635627545,24.56437246963562,74.7165991902834,2.2040700890688267,100481.41700404858,42.0,1.5267361111111108
2017-07-30,22.0,30.5566801619433,24.856680161943306,72.25101214574899,3.165658558704454,100375.7894736842,45.0,1.135416666666666
2017-07-31,22.0,30.794071146245074,24.74624505928853,70.6600790513834,3.6984166956521753,100436.16600790514,50.0,3.5930555555555563
2017-08-01,25.0,30.71417322834643,24.76023622047245,71.23622047244095,3.342591999999999,100533.93700787402,44.0,3.4315972222222215
2017-08-02,22.0,30.443200000000004,25.022799999999986,73.384,2.602488064000004,100487.44,45.0,3.870629370629371
2017-08-03,24.0,29.76889763779525,25.16968503937011,76.64566929133858,2.692272000000004,100319.13385826773,41.0,4.0199300699300755
2017-08-04,20.0,29.76574803149609,25.422047244094486,78.03937007874016,1.8476479999999984,100208.74015748034,34.0,4.721254355400696
2017-08-05,18.0,29.599200000000003,25.86160000000001,80.71600000000002,1.9490944000000017,100311.64,37.0,2.4940972222222237
2017-08-06,19.0,29.03609958506223,24.863070539419088,78.45643153526972,1.6770492282157692,100567.59336099584,31.0,1.4334494773519175
2017-08-07,18.0,28.932530120481964,25.12971887550201,80.46184738955824,1.7348383614457836,100715.10040160644,33.0,3.4690972222222247
2017-08-08,18.0,29.334177215189857,25.519831223628717,80.59071729957806,1.5389870717299576,100734.2194092827,36.0,3.876736111111111
2017-08-09,17.0,30.00745098039217,24.950588235294124,75.41176470588233,2.5498810980392217,100762.0,39.0,4.107291666666665
2017-08-10,18.0,30.901587301587305,24.333730158730155,69.05158730158729,2.8809244444444464,100672.61904761904,35.0,4.353819444444442
2017-08-11,15.0,30.5004,24.72600000000001,72.436,3.7091802879999975,100670.0,22.0,4.7808362369337996
2017-08-12,13.0,30.85354330708663,23.928740157480306,67.44488188976378,3.275360000000003,100655.27559055119,25.0,0.7763888888888886
2017-08-13,14.0,31.76934306569347,24.513503649635034,66.45620437956204,3.006751883211681,100673.54014598539,35.0,0.5163763066202092
2017-08-14,18.0,30.86736111111113,25.65173611111112,74.52777777777777,2.5223611111111115,100678.125,33.0,0.8097222222222228
2017-08-15,16.0,29.937919463087248,26.013087248322158,79.97651006711409,2.1396414496644343,100563.12080536912,31.0,3.275087719298246
2017-08-16,18.0,28.348818897637802,24.61023622047244,81.01574803149607,1.7922080000000014,100435.98425196848,27.0,4.003125000000002
2017-08-17,16.0,26.96705882352943,24.741960784313694,88.12156862745098,1.601980988235295,100374.50980392157,44.0,3.8118466898954684
2017-08-18,23.0,28.87295081967211,23.65327868852461,74.37704918032787,2.839620065573772,100521.22950819672,45.0,3.922569444444444
2017-08-19,18.0,29.18958333333333,23.65312500000001,72.72916666666667,2.9388223333333325,100422.8125,26.0,2.5974999999999997
2017-08-20,13.0,28.752631578947373,24.66526315789473,78.71578947368421,2.3100203789473683,100344.94736842104,30.0,1.0736111111111108
2017-08-21,15.0,30.16187500000005,24.49000000000001,72.0125,2.3902669999999997,100333.625,51.0,3.208928571428572
2017-08-22,18.0,30.27509727626461,24.23501945525291,70.50194552529183,3.744351377431905,100418.21011673153,47.0,3.5580985915492964
2017-08-23,16.0,29.17747035573121,24.52371541501977,76.699604743083,3.651945739130436,100410.0395256917,42.0,3.577777777777772
2017-08-24,19.0,29.044176706827308,24.53855421686747,77.285140562249,2.2030633895582383,100445.62248995985,42.0,3.586805555555559
2017-08-25,17.0,29.70040160642569,24.85220883534139,75.64658634538152,2.466080899598398,100463.13253012046,36.0,4.047386759581884
2017-08-26,18.0,29.07928286852591,24.28725099601592,76.39043824701196,2.46299448605578,100313.58565737052,25.0,2.8440972222222234
2017-08-27,14.0,27.71062992125984,24.196456692913383,82.1771653543307,2.7033600000000053,100323.46456692912,34.0,1.2305555555555554
2017-08-28,17.0,27.40947368421052,24.067894736842106,82.8,3.202218105263161,100442.63157894736,45.0,3.042508710801392
2017-08-29,23.0,27.46548223350256,23.76751269035534,80.65482233502539,1.4579857868020296,100548.22335025381,49.0,3.5272727272727287
2017-08-30,23.0,30.672081218274087,25.13147208121827,73.17766497461929,2.1344458071066,100562.28426395939,38.0,3.6243055555555577
2017-08-31,19.0,29.50820312500002,24.75664062500001,76.78515625,1.666970250000001,100686.9140625,41.0,3.4881533101045314
2017-09-01,19.0,30.67839195979902,24.845226130653266,72.41708542713567,2.1974599396984944,100683.76884422114,51.0,3.922661870503594
2017-09-02,20.0,30.278723404255306,24.378723404255343,71.07446808510639,2.962828936170212,100486.27659574467,31.0,2.561805555555553
2017-09-03,14.0,30.545263157894745,24.355789473684226,70.2,4.562160842105263,100431.05263157896,34.0,1.2282229965156797
2017-09-04,14.0,31.607653061224518,24.867857142857126,68.14285714285714,3.487596244897964,100494.79591836737,31.0,3.0975694444444435
2017-09-05,16.0,29.8608,25.736,79.22,1.8809655040000013,100584.64,24.0,3.1826388888888903
2017-09-06,19.0,28.78181818181817,25.85533596837945,84.67193675889328,1.3269843478260859,100630.43478260867,,3.560350877192983
2017-09-07,16.0,29.18588235294116,25.57764705882355,81.44313725490196,1.811476203921569,100689.6862745098,,4.191666666666668
2017-09-08,17.0,30.779921259842506,25.884251968503953,75.79527559055119,1.7131839999999996,100714.96062992128,30.0,3.756250000000001
2017-09-09,15.0,31.478823529411784,25.706274509803947,72.4078431372549,1.9036891607843136,100635.21568627447,41.0,2.2381944444444453
2017-09-10,22.0,29.65240000000001,25.51759999999999,79.048,1.654942080000001,100722.88,48.0,1.1281249999999994
2017-09-11,29.0,30.11976284584978,25.52015810276681,76.93280632411067,1.6430928695652176,100763.75494071149,51.0,3.210416666666664
2017-09-12,29.0,30.56111111111112,25.337698412698426,74.6111111111111,1.2414229841269828,100809.20634920636,49.0,3.5531250000000005
2017-09-13,29.0,29.64206349206349,24.617857142857137,75.0674603174603,2.0340320000000034,100723.92857142855,44.0,3.38125
2017-09-14,23.0,31.273517786561275,24.84861660079051,69.72332015810277,3.0409321739130486,100420.39525691699,37.0,3.3510416666666663
2017-09-15,21.0,28.77051282051281,25.03653846153845,80.99358974358974,2.045208000000001,100290.89743589744,31.0,3.4112970711297064
2017-09-16,15.0,,,,,,22.0,
2017-09-17,11.0,,,,,,40.0,
2017-09-18,18.0,,,,,,39.0,
2017-09-19,16.0,,,,,,47.0,
2017-09-20,25.0,,,,,,52.0,
2017-09-21,35.0,,,,,,47.0,
2017-09-22,25.0,,,,,,42.0,
2017-09-23,25.0,,,,,,39.0,
2017-09-24,22.0,,,,,,32.0,
2017-09-25,14.0,,,,,,29.0,
2017-09-26,13.0,,,,,,44.0,
2017-09-27,24.0,,,,,,34.0,
2017-09-28,16.0,,,,,,43.0,
2017-09-29,22.0,,,,,,47.0,
2017-09-30,30.0,,,,,,50.0,
2017-10-01,30.0,,,,,,39.0,
2017-10-02,23.0,,,,,,39.0,
2017-10-03,22.0,,,,,,37.0,
2017-10-04,19.0,,,,,,37.0,
2017-10-05,19.0,,,,,,46.0,
2017-10-06,26.0,,,,,,,
2017-10-07,27.0,,,,,,46.0,
2017-10-08,28.0,,,,,,42.0,
2017-10-09,22.0,,,,,,46.0,
2017-10-10,27.0,,,,,,35.0,
2017-10-11,21.0,,,,,,52.0,
2017-10-12,34.0,,,,,,57.0,
2017-10-13,44.0,,,,,,36.0,
2017-10-14,20.0,,,,,,38.0,
2017-10-15,20.0,,,,,,37.0,
2017-10-16,16.0,,,,,,45.0,
2017-10-17,21.0,,,,,,45.0,
2017-10-18,25.0,,,,,,47.0,
2017-10-19,25.0,,,,,,38.0,
2017-10-20,19.0,,,,,,53.0,
2017-10-21,32.0,28.181481481481466,25.779629629629632,86.91666666666669,0.8622077037037036,100708.51851851851,38.0,
2017-10-22,25.0,28.610489510489487,25.37307692307693,83.54195804195804,1.4968024615384627,100771.18881118881,31.0,
2017-10-23,19.0,29.331944444444428,24.73645833333333,77.65625,2.206639111111114,100792.15277777775,29.0,
2017-10-24,20.0,27.094076655052238,24.737630662020912,87.35888501742157,1.5489079303135895,101047.83972125435,42.0,
2017-10-25,27.0,28.143881856540087,24.44345991561181,81.13080168776371,1.4846632236286932,101165.61181434599,44.0,
2017-10-26,35.0,,,,,,61.0,
2017-10-27,45.0,,,,,,50.0,
2017-10-28,37.0,,,,,,56.0,
2017-10-29,49.0,,,,,,58.0,
2017-10-30,46.0,29.704575163398705,19.747058823529407,55.261437908496724,4.0990353986928145,101042.87581699346,55.0,
2017-10-31,42.0,28.120975609756087,19.91121951219511,61.47317073170733,2.3202466341463444,101030.34146341463,59.0,
2017-11-01,43.0,27.34453125000001,20.748437499999994,67.4453125,2.7000517500000045,101013.3203125,57.0,
2017-11-02,43.0,28.941860465116267,21.180232558139526,63.47286821705426,2.324088186046517,100784.92248062015,55.0,
2017-11-03,40.0,29.244280442804442,19.69225092250923,57.51660516605165,2.4841237490774946,100780.44280442805,65.0,
2017-11-04,51.0,28.576736111111074,17.276736111111102,50.97222222222222,2.6962099999999998,100807.74305555556,54.0,
2017-11-05,33.0,25.7473309608541,17.371886120996436,60.6761565836299,4.0239963558718825,100865.83629893238,64.0,
2017-11-06,48.0,25.28500000000001,19.661562500000024,71.18125,2.317483300000004,100873.375,54.0,
2017-11-07,38.0,27.47328244274809,21.52519083969468,70.57251908396947,2.308739786259547,100823.01526717556,51.0,
2017-11-08,36.0,27.599593495934982,21.871544715447172,71.07317073170732,1.1908346016260152,100883.49593495936,47.0,
2017-11-09,29.0,28.81295546558705,22.709716599190287,70.08502024291498,1.656762817813764,100793.11740890688,47.0,
2017-11-10,28.0,29.58433734939761,23.918072289156605,72.14056224899598,1.775233542168677,100775.140562249,37.0,
2017-11-11,21.0,27.3648,23.740400000000005,80.892,1.691599359999999,100832.56,41.0,
2017-11-12,26.0,28.798000000000005,23.578399999999995,74.972,1.6241857279999985,100694.4,51.0,
2017-11-13,33.0,28.16294642857143,24.670089285714287,81.80803571428571,1.6015607142857131,100654.86607142855,56.0,
2017-11-14,39.0,28.992558139534875,24.886511627906962,79.13023255813954,1.2013940093023248,100701.3953488372,61.0,
2017-11-15,38.0,29.462307692307682,24.291538461538487,74.74615384615385,1.4537396923076926,100806.19230769233,43.0,
2017-11-16,24.0,28.428750000000008,25.01625,82.075,1.6935365333333336,100853.33333333331,60.0,
2017-11-17,32.0,29.47011952191234,25.53545816733068,79.89641434262948,0.9665681593625496,100777.25099601594,68.0,
2017-11-18,45.0,30.67113821138216,25.66422764227642,75.6869918699187,0.7443397723577233,100656.05691056912,57.0,
2017-11-19,37.0,29.527064220183497,25.698165137614694,80.44036697247707,1.5152195229357788,100672.43119266054,40.0,
2017-11-20,23.0,26.77363184079605,24.25323383084582,86.71641791044777,1.1220481592039795,100783.38308457713,33.0,
2017-11-21,19.0,28.07129186602871,24.486602870813407,81.47368421052632,2.572512000000004,100752.91866028708,46.0,
2017-11-22,27.0,28.86878306878306,24.367195767195767,77.71957671957672,1.5390948571428569,100769.62962962964,29.0,
2017-11-23,17.0,29.04457142857142,23.18171428571429,71.04,2.726944000000004,100809.02857142856,36.0,
2017-11-24,20.0,28.353773584905664,21.54622641509431,66.95283018867924,2.5325237735849093,101011.93396226416,54.0,
2017-11-25,29.0,27.52679999999999,19.9804,63.852,2.1588455680000056,101135.16,53.0,
2017-11-26,31.0,28.04618473895584,20.167469879518077,62.714859437750995,2.2145535742971925,101107.63052208837,53.0,
2017-11-27,28.0,27.806854838709693,20.602016129032265,65.14516129032258,2.2319553548387168,100935.8870967742,57.0,
2017-11-28,33.0,27.711965811965836,21.714957264957253,70.2008547008547,2.5588263931623976,100895.2564102564,48.0,
2017-11-29,27.0,29.274874371859287,22.420603015075393,67.1356783919598,2.295853668341711,100882.61306532664,51.0,
2017-11-30,30.0,29.256249999999977,22.928645833333363,69.11458333333333,1.5809383333333324,100803.90625,49.0,
2017-12-01,30.0,29.21560975609756,22.11999999999999,65.93170731707318,1.8029886439024376,100831.21951219512,53.0,
2017-12-02,31.0,28.967195767195765,21.605291005291,64.8888888888889,1.3964678095238088,100898.78306878307,43.0,
2017-12-03,26.0,29.326470588235306,21.726960784313718,64.15196078431373,1.2694621176470586,100858.72549019607,47.0,
2017-12-04,27.0,29.83227091633461,22.112749003984057,63.50597609561754,2.191386517928289,100805.97609561752,33.0,
2017-12-05,20.0,27.69999999999996,20.92663934426229,66.67213114754098,2.43435265573771,100905.08196721312,49.0,
2017-12-06,33.0,28.382329317269093,21.27871485943775,65.66666666666667,2.046330088353414,100909.67871485943,54.0,
2017-12-07,35.0,29.392916666666668,21.63708333333333,63.60416666666666,2.075010666666669,100936.54166666669,53.0,
2017-12-08,38.0,30.05816326530612,22.487244897959183,64.45408163265307,1.9658355918367358,101045.45918367348,39.0,
2017-12-09,25.0,27.860555555555553,19.77,61.63333333333333,2.914452444444448,101143.55555555556,61.0,
2017-12-10,50.0,28.4555,20.167000000000012,61.43,1.3898473599999994,101146.4,79.0,
2017-12-11,69.0,28.623899371069196,22.16666666666668,68.50314465408805,0.7973619119496858,101039.24528301887,50.0,
2017-12-12,38.0,28.645624999999992,24.343750000000004,78.2875,0.8588756000000004,100966.5,49.0,
2017-12-13,32.0,28.926368159203964,25.2134328358209,80.8905472636816,1.6424827860696514,100901.19402985074,50.0,
2017-12-14,34.0,28.42529182879379,25.073929961089483,82.58754863813229,1.145953120622567,100905.71984435797,60.0,
2017-12-15,42.0,29.29375000000001,24.733203125,77.50390625,0.7128192499999998,100941.0546875,52.0,
2017-12-16,38.0,29.40557620817845,21.900371747211903,64.81412639405204,2.041261085501861,101116.61710037176,30.0,
2017-12-17,15.0,26.17777777777778,17.469892473118275,58.899641577060926,3.56334141935484,101413.6559139785,49.0,
2017-12-18,33.0,23.313978494623647,13.444086021505385,54.240143369175634,2.56367025089606,101550.89605734768,60.0,
2017-12-19,42.0,21.37900763358779,9.892366412213747,48.5,2.1969797862595457,101656.106870229,68.0,
2017-12-20,51.0,21.293680297397774,8.47026022304833,44.501858736059475,1.915458379182157,101745.24163568774,70.0,
2017-12-21,53.0,21.972556390977434,9.87744360902256,46.439849624060145,2.1236080601503766,101581.31578947367,70.0,
2017-12-22,58.0,23.70187265917604,14.197752808988767,55.400749063670396,2.6700175580524377,101235.84269662922,73.0,
2017-12-23,62.0,27.369888475836433,17.266542750929386,54.72862453531599,1.3647183940520429,100902.08178438662,70.0,
2017-12-24,59.0,28.59209621993129,19.77319587628867,59.701030927835035,1.2000950103092791,100872.23367697594,48.0,
2017-12-25,30.0,26.25472972972973,17.126689189189186,57.739864864864856,1.6505743783783775,100987.70270270268,67.0,
2017-12-26,60.0,23.089632107023398,17.151170568561895,70.18060200668896,1.5628458595317738,101106.48829431436,47.0,
2017-12-27,45.0,19.916236162361663,18.966789667896627,94.309963099631,1.7424662435424405,101130.73800738007,44.0,
2017-12-28,29.0,23.24771929824563,20.79263157894736,86.42105263157896,2.5627156210526323,101140.0,39.0,
2017-12-29,24.0,25.026717557251906,21.537022900763365,81.65648854961832,3.23762748091603,101175.68702290076,36.0,
2017-12-30,24.0,27.855194805194802,22.173051948051945,72.01623376623377,1.4749417142857133,101073.21428571428,34.0,
2017-12-31,23.0,27.42960526315791,20.50657894736845,66.48355263157895,2.4790132631578987,101055.13157894736,34.0,
2018-01-01,27.0,26.666445182724253,19.740863787375428,66.15946843853821,1.67840499667774,101000.79734219267,40.0,
2018-01-02,30.0,27.234843205574926,19.72787456445995,64.21951219512195,1.6901850313588842,100861.1149825784,54.0,
2018-01-03,40.0,27.70645161290322,20.670609318996405,66.12186379928315,1.0262692473118271,100829.03225806453,59.0,4.058064516129033
2018-01-04,45.0,29.023809523809533,21.089010989010998,63.22344322344322,1.0650359560439544,100776.88644688645,69.0,3.891519434628975
2018-01-05,51.0,30.054320987654318,21.493415637860085,61.11934156378601,0.8013605925925922,100658.35390946502,60.0,4.466545454545456
2018-01-06,48.0,29.20760000000001,22.573200000000003,67.908,0.7639019519999996,100654.4,27.0,4.000709219858156
2018-01-07,19.0,28.183921568627433,24.172549019607853,79.34117647058824,1.8207676235294128,100818.90196078432,28.0,3.4694736842105267
2018-01-08,16.0,27.63582089552237,24.214925373134328,82.42537313432835,0.8390340298507463,100888.20895522386,36.0,4.51850533807829
2018-01-09,22.0,29.90663615560643,24.60778032036616,73.7299771167048,1.2733990663615595,100968.7185354691,28.0,4.7702127659574485
2018-01-10,17.0,27.214285714285715,24.458928571428586,84.92857142857143,1.022604,101025.35714285713,56.0,4.93286219081272
2018-01-11,35.0,24.582568807339438,19.45504587155964,73.42660550458716,1.480358605504587,101306.42201834863,56.0,4.280147058823529
2018-01-12,37.0,23.613419913419925,16.26580086580087,63.623376623376615,1.3238963809523807,101394.45887445887,61.0,3.9670542635658905
2018-01-13,44.0,22.387096774193548,15.070967741935506,63.5,1.012329290322581,101386.82795698923,60.0,3.3937499999999985
2018-01-14,45.0,24.14245283018868,16.537264150943393,63.53773584905661,0.8535933584905654,101242.7358490566,71.0,2.7540000000000004
2018-01-15,55.0,25.34651162790697,18.05674418604652,64.72558139534884,0.28277879069767425,101025.3488372093,78.0,3.7196000000000007
2018-01-16,67.0,27.186511627906977,19.34325581395347,63.069767441860456,0.19295493953488368,100864.0,92.0,3.696958174904944
2018-01-17,87.0,28.509047619047607,20.84904761904763,64.01428571428572,0.27588754285714273,100780.80952380953,71.0,3.702380952380953
2018-01-18,59.0,29.30119521912353,20.495617529880487,59.85657370517928,0.4561232828685262,100781.9920318725,70.0,3.798437500000001
2018-01-19,59.0,29.780400000000004,19.80039999999999,56.74,0.5750722559999999,100845.08,73.0,3.970517928286852
2018-01-20,51.0,29.46080000000001,20.1312,57.623999999999995,0.6129812479999996,100781.52,81.0,3.585375494071146
2018-01-21,72.0,29.55222672064777,21.360728744939266,61.94736842105264,0.1853315627530364,100701.7004048583,75.0,2.88988326848249
2018-01-22,77.0,29.64687499999999,23.00312499999999,68.60267857142857,0.5178878571428571,100648.125,71.0,3.7543726235741457
2018-01-23,61.0,29.434482758620682,24.05689655172416,73.5905172413793,0.6304805517241377,100633.40517241381,69.0,3.817578124999998
2018-01-24,61.0,27.933181818181833,24.38227272727273,81.35909090909091,0.7496047999999994,100573.45454545453,48.0,3.809960159362552
2018-01-25,34.0,28.35648535564857,24.661087866108797,80.84518828451883,0.8269304769874475,100585.14644351463,33.0,3.805038759689924
2018-01-26,22.0,28.70401606425704,24.645381526104412,79.22489959839358,0.9220873253012049,100618.83534136543,32.0,3.956809338521402
2018-01-27,19.0,28.497609561752995,24.302788844621514,78.64940239043823,1.0971180876494009,100715.21912350596,33.0,3.6559055118110253
2018-01-28,19.0,28.71713147410359,24.286055776892447,77.68924302788845,0.9756514422310746,100726.37450199203,33.0,3.00595238095238
2018-01-29,20.0,28.954216867469878,25.20240963855421,80.8273092369478,1.1443505863453802,100809.67871485943,32.0,3.6949019607843128
2018-01-30,21.0,28.689558232931727,25.290763052208863,82.18875502008031,1.4996486425702809,100807.18875502008,32.0,3.855378486055775
2018-01-31,21.0,27.31044176706829,24.852610441767077,86.72289156626506,1.9718234216867467,100930.52208835342,46.0,4.284674329501912
2018-02-01,35.0,27.562549800796823,23.11593625498009,77.35059760956177,3.2069331633466125,101014.02390438248,59.0,3.7837944664031617
2018-02-02,51.0,26.608800000000038,20.594799999999967,69.96,1.839659008000002,101105.64,64.0,4.025896414342631
2018-02-03,52.0,25.258565737051807,18.374900398406393,65.800796812749,1.6837912988047814,101276.05577689245,65.0,3.5581300813008117
2018-02-04,59.0,25.365612648221354,16.864031620553366,59.83794466403162,0.914753391304348,101290.9881422925,66.0,2.9138339920948613
2018-02-05,62.0,25.7124,16.7336,58.092,1.0235427839999995,101424.56,58.0,3.6110204081632657
2018-02-06,51.0,24.974524714828878,15.429277566539929,55.779467680608356,1.7898597718631186,101323.76425855514,81.0,3.8371093750000025
2018-02-07,86.0,25.701503759398488,17.239473684210516,60.24060150375939,1.3332211729323311,101142.81954887217,75.0,3.8156000000000008
2018-02-08,76.0,26.684462151394424,21.6398406374502,74.9402390438247,1.4538595697211152,101029.00398406378,58.0,3.764528301886795
2018-02-09,48.0,27.239043824701184,22.459760956175298,76.10358565737052,1.7384690996015926,100967.29083665338,56.0,3.9153225806451615
2018-02-10,43.0,28.055118110236226,22.831102362204728,74.36220472440945,1.1605439999999996,101066.02362204724,58.0,3.564285714285712
2018-02-11,44.0,27.60357142857145,23.863492063492032,80.47222222222223,0.553832888888889,101125.75396825396,67.0,2.8406249999999997
2018-02-12,55.0,28.652988047808773,21.16215139442232,66.21115537848605,2.5178503904382508,101332.2310756972,61.0,3.707058823529412
2018-02-13,46.0,27.77840000000001,18.450000000000006,57.496,1.4493036800000003,101429.64,82.0,3.896356275303645
2018-02-14,72.0,28.950200803212862,19.366265060240945,57.3012048192771,0.4657115502008034,101330.96385542168,68.0,4.164822134387354
2018-02-15,60.0,29.14268774703557,22.24545454545452,68.02766798418972,1.344123826086956,101147.90513833992,59.0,3.3529182879377433
2018-02-16,48.0,29.213147410358573,24.672111553784838,77.46215139442229,0.8440328924302786,100930.7171314741,57.0,3.248
2018-02-17,47.0,29.046428571428557,25.17658730158733,80.44444444444444,1.2871913650793636,100778.61111111114,52.0,2.9822580645161287
2018-02-18,41.0,28.75612648221345,24.593280632411066,78.72727272727273,1.482123130434781,100854.34782608696,48.0,2.7175298804780854
2018-02-19,35.0,28.640079365079387,24.81547619047618,80.30952380952381,1.24709968253968,100873.53174603176,29.0,3.672156862745097
2018-02-20,17.0,28.798809523809503,24.354365079365092,77.59523809523809,1.4713292698412683,100833.61111111114,36.0,3.871647509578544
2018-02-21,21.0,29.203543307086605,24.300393700787396,75.63779527559055,1.4864959999999967,100715.15748031496,42.0,3.7475609756097543
2018-02-22,27.0,28.91111111111111,24.79325396825397,78.8611111111111,1.7054930793650798,100745.79365079364,46.0,3.791954022988504
2018-02-23,33.0,27.5812,23.88720000000001,80.72,1.6088075520000005,100976.96,55.0,4.198015873015872
2018-02-24,41.0,27.91092436974787,24.282773109243703,81.47058823529412,0.6591022521008401,101121.3025210084,55.0,3.522709163346613
2018-02-25,36.0,28.515625000000004,24.053125000000023,77.4453125,0.4728845000000004,100961.484375,56.0,2.8345238095238114
2018-02-26,44.0,28.85657370517932,23.759760956175285,74.87649402390439,0.9508950438247008,100881.55378486056,51.0,3.765490196078432
2018-02-27,33.0,27.103187250996022,23.51792828685261,81.35458167330677,1.3452163824701182,100923.10756972113,58.0,3.9454545454545467
2018-02-28,42.0,28.67588932806324,23.53952569169961,74.73913043478261,1.0317259130434773,100818.8537549407,44.0,4.083739837398372
2018-03-01,28.0,29.4217898832685,24.939688715953288,77.65369649805447,1.147170739299609,100715.40856031128,41.0,3.0603174603174605
2018-03-02,27.0,29.64382470119525,25.03904382470121,76.99601593625499,1.4656144063744998,100679.8406374502,32.0,3.86547619047619
2018-03-03,19.0,29.68079999999999,25.1636,77.396,1.4659335679999972,100616.8,30.0,3.481854838709676
2018-03-04,19.0,29.976284584980235,25.23754940711465,76.41501976284584,1.2870511304347827,100708.18181818182,29.0,2.933744855967078
2018-03-05,18.0,30.18149606299215,25.585039370078764,77.31889763779527,1.4303519999999978,100708.46456692912,32.0,3.743921568627451
2018-03-06,20.0,30.37579365079369,25.587301587301567,76.30158730158729,1.6758678095238082,100783.37301587305,33.0,3.7610236220472415
2018-03-07,22.0,30.244488188976394,25.64527559055118,77.1968503937008,1.9710240000000003,100793.4251968504,44.0,3.73503937007874
2018-03-08,30.0,30.046825396825447,25.43968253968251,76.8888888888889,1.612359746031746,100801.3492063492,43.0,3.6252964426877488
2018-03-09,31.0,25.777821011673158,22.19494163424126,81.00389105058366,1.5677710194552543,101012.29571984436,64.0,4.102399999999999
2018-03-10,43.0,26.30992063492066,19.85277777777777,68.46031746031746,1.0863781587301589,101120.75396825396,72.0,3.4099601593625493
2018-03-11,61.0,28.577777777777786,20.028174603174588,60.837301587301596,0.4115606349206352,101048.37301587305,85.0,2.833877551020408
2018-03-12,80.0,29.254117647058816,22.99686274509804,69.5764705882353,0.8746206117647055,100982.70588235294,56.0,3.529838709677418
2018-03-13,43.0,29.698425196850405,24.549212598425196,74.98425196850393,1.4365119999999991,100899.33070866142,46.0,3.6422924901185767
2018-03-14,30.0,29.577254901960767,24.955294117647057,76.78823529411764,2.078998964705884,100785.37254901961,47.0,3.674703557312252
2018-03-15,27.0,29.538645418326677,24.5972111553785,75.5019920318725,2.168054948207176,100794.86055776893,42.0,3.744444444444444
2018-03-16,26.0,29.5124,24.79199999999999,76.352,1.6808704000000008,100835.16,30.0,3.768774703557311
2018-03-17,20.0,29.84782608695652,24.52727272727272,74.01581027667984,1.2951791304347822,100842.68774703557,24.0,3.4730158730158727
2018-03-18,16.0,29.902755905511828,24.93188976377952,75.52362204724409,1.5847039999999983,100916.968503937,27.0,2.77875
2018-03-19,16.0,30.287654320987677,25.181069958847715,75.06584362139918,1.6632463539094644,100822.34567901236,38.0,3.6271604938271578
2018-03-20,25.0,30.678740157480306,25.57952755905509,75.1259842519685,1.3184159999999994,100715.90551181104,40.0,3.9350194552529163
2018-03-21,26.0,30.07960784313725,25.480000000000004,76.89019607843137,2.2770990431372584,100741.45098039217,49.0,3.727380952380951
2018-03-22,34.0,28.38604651162793,24.237209302325567,78.87209302325581,1.4944651162790696,100681.24031007753,57.0,3.8528
2018-03-23,45.0,29.45564202334629,23.536186770428014,71.88326848249027,0.8380695408560306,100803.30739299614,61.0,3.92109375
2018-03-24,50.0,30.37181467181466,23.969884169884185,69.76833976833977,0.3203498996138999,100933.51351351352,54.0,3.604761904761904
2018-03-25,37.0,29.996887159533077,24.888715953307404,74.50583657587548,0.8300680466926067,101057.12062256812,53.0,2.9284584980237165
2018-03-26,31.0,30.594117647058816,24.620392156862763,71.51764705882353,1.4915358117647053,101005.60784313726,56.0,3.700787401574803
2018-03-27,43.0,28.47937743190664,24.708949416342396,80.49027237354086,1.8312984902723743,100906.8093385214,47.0,4.0154761904761935
2018-03-28,33.0,29.817898832684822,25.58287937743191,78.56031128404669,1.97810851361868,100772.4513618677,44.0,3.9653543307086627
2018-03-29,28.0,29.793050193050213,25.511969111969126,78.2934362934363,2.113860571428574,100753.51351351352,48.0,3.946215139442231
2018-03-30,32.0,30.43294117647055,26.07568627450979,78.10196078431373,2.2110072470588267,100733.72549019607,48.0,4.126720647773282
2018-03-31,33.0,29.885992217898835,25.713618677042817,78.7704280155642,1.7248438287937742,100752.49027237351,56.0,3.697188755020079
2018-04-01,42.0,27.73100775193799,24.899224806201573,84.78294573643413,1.2186171782945734,100819.14728682172,57.0,3.023770491803279
2018-04-02,41.0,28.42373540856029,24.964202334630365,82.1089494163424,1.5818606070038919,100831.59533073928,58.0,3.838823529411765
2018-04-03,45.0,28.80161943319838,24.38178137651823,77.95141700404858,1.228002591093116,100784.45344129554,44.0,3.7952991452991465
2018-04-04,29.0,29.58171206225681,25.725291828793768,80.26459143968872,1.913574723735409,100655.21400778212,52.0,3.8797468354430373
2018-04-05,34.0,29.991860465116304,25.25775193798449,76.48062015503876,1.9357871627906973,100627.0542635659,57.0,4.15187969924812
2018-04-06,43.0,29.90703125,24.36757812499999,73.21875,1.2826206249999998,100666.2109375,31.0,3.16120996441281
2018-04-07,19.0,25.383137254901968,21.679607843137266,80.37647058823529,2.9492368313725508,101097.41176470587,46.0,3.6067615658362993
2018-04-08,28.0,25.728957528957523,18.006563706563703,62.86872586872586,2.5184404015444057,101253.39768339768,67.0,2.852857142857141
2018-04-09,45.0,28.787109375000004,19.648437500000018,59.20703125,1.8601055,101016.09375,56.0,3.775531914893618
2018-04-10,,31.030260521042074,22.050901803607253,60.18637274549098,1.4626002084168377,100827.9759519038,45.0,3.399090909090909
2018-04-11,30.0,30.28484848484848,25.31377410468317,75.31129476584022,1.91241987878788,100762.80991735538,35.0,3.5702127659574465
2018-04-12,21.0,30.831724137931023,25.50379310344829,74.27931034482759,2.3471141517241407,100672.10344827586,29.0,2.5872340425531917
2018-04-13,19.0,31.148888888888887,25.97333333333333,74.83703703703705,2.1870190222222243,100708.22222222225,28.0,2.0768421052631583
2018-04-14,20.0,31.1390625,26.260937500000008,76.3046875,2.201497375000003,100626.640625,28.0,1.9095070422535212
2018-04-15,20.0,31.302755905511827,26.318897637795285,75.3976377952756,2.267760000000004,100628.77952755906,34.0,2.0766784452296827
2018-04-16,24.0,31.440944881889767,25.891338582677164,73.27165354330708,2.0716959999999998,100753.26771653543,28.0,1.9014035087719292
2018-04-17,19.0,26.997619047619057,24.437301587301558,86.21031746031746,2.17222412698413,100998.21428571428,45.0,2.7267605633802803
2018-04-18,31.0,28.52529644268774,23.66205533596836,76.11857707509881,1.3824667826086956,100921.97628458498,33.0,3.1202846975088985
2018-04-19,22.0,30.446666666666665,25.17411764705882,74.08235294117647,1.9336671372549048,100729.01960784312,33.0,3.410915492957748
2018-04-20,20.0,30.647035573122547,26.07312252964428,77.12648221343873,1.987649391304349,100693.12252964427,33.0,3.765836298932384
2018-04-21,22.0,30.95889328063239,25.874308300395256,75.0197628458498,2.030409739130435,100677.94466403162,28.0,3.5641304347826086
2018-04-22,17.0,31.18844621513945,25.55737051792829,72.97609561752988,2.5499090358565764,100670.99601593622,43.0,2.916254416961129
2018-04-23,27.0,31.921223021582733,25.702517985611514,70.88489208633094,2.2216923165467692,100527.62589928057,36.0,3.7265017667844513
2018-04-24,23.0,31.47617187500001,26.50625000000002,75.5859375,2.294921750000006,100561.3671875,46.0,3.8823321554770303
2018-04-25,28.0,31.14514767932487,25.935021097046395,74.7257383966245,2.2450084725738417,100585.44303797466,41.0,3.860915492957748
2018-04-26,24.0,30.09766536964981,25.693385214007783,77.54085603112841,2.8074807782101208,100681.51750972762,37.0,3.68850174216028
2018-04-27,24.0,28.559689922480626,23.889147286821718,76.6937984496124,2.094157147286826,100864.496124031,30.0,4.318345323741007
2018-04-28,21.0,24.75607843137255,23.550196078431345,93.09019607843138,1.366364611764704,100979.80392156863,39.0,3.888612099644128
2018-04-29,25.0,27.057812499999994,24.03984375000001,84.16015625,1.4039849999999994,100856.6796875,29.0,2.950357142857142
2018-04-30,19.0,26.22996108949417,24.676653696498068,91.26459143968872,1.7523272217898822,100845.40856031128,19.0,4.172401433691759
2018-05-01,13.0,27.212204724409453,24.566535433070865,86.22047244094487,1.7200480000000018,100894.88188976377,26.0,3.2024390243902427
2018-05-02,15.0,29.0388888888889,24.872619047619057,79.21428571428571,1.6943170793650812,100881.70634920636,36.0,3.7901060070671404
2018-05-03,21.0,28.94124513618678,24.79961089494164,78.78210116731519,1.6884892140077818,100917.04280155642,39.0,3.8550877192982473
2018-05-04,22.0,29.725291828793768,24.49260700389105,74.26459143968872,1.835821073929964,100847.19844357976,29.0,4.007773851590103
2018-05-05,16.0,29.877906976744185,25.25426356589149,76.93798449612403,1.4967176434108507,100934.06976744186,25.0,3.7010600706713768
2018-05-06,16.0,30.044140625,26.038281249999986,79.70703125,1.7406619999999988,100886.4453125,33.0,3.0296428571428584
2018-05-07,18.0,29.757254901960767,25.86117647058825,80.31764705882352,1.95014625882353,100722.58823529413,38.0,3.942402826855121
2018-05-08,22.0,31.014901960784307,26.278823529411746,76.81568627450979,1.7560783058823517,100588.54901960783,34.0,3.8840425531914926
2018-05-09,19.0,30.86417322834648,26.793307086614195,79.29921259842521,2.0359680000000004,100673.4251968504,32.0,3.8586572438162543
2018-05-10,17.0,31.16141732283466,26.487401574803144,76.79527559055119,2.3892000000000038,100762.24409448818,38.0,3.8141342756183767
2018-05-11,19.0,28.12539062499999,24.267968750000005,79.71875,1.157239875,100802.3046875,45.0,3.961267605633803
2018-05-12,28.0,29.88473895582332,24.96867469879517,75.94779116465864,1.4427363212851412,100755.6626506024,37.0,3.537102473498233
2018-05-13,23.0,30.4896,25.13799999999999,73.56,1.2790708479999973,100748.12,37.0,2.900709219858157
2018-05-14,22.0,29.279518072289147,24.40240963855421,75.59839357429719,2.0612314216867467,100763.05220883538,46.0,3.3884892086330933
2018-05-15,28.0,29.560159362549825,25.29123505976093,78.20717131474103,1.6731050836653376,100604.54183266932,28.0,3.9870629370629382
2018-05-16,18.0,31.69718875502008,25.2694779116466,70.35341365461848,1.9136543614457844,100534.01606425703,26.0,3.9545454545454577
2018-05-17,16.0,31.67160000000001,25.87840000000001,72.372,2.559929856000004,100528.28,33.0,3.859717314487633
2018-05-18,20.0,30.281600000000008,25.9484,77.972,1.9560682240000005,100513.44,35.0,4.1792592592592595
2018-05-19,,29.976494023904372,24.95298804780877,75.20717131474103,1.3742472669322698,100495.49800796813,43.0,3.6816901408450726
2018-05-20,,31.152799999999992,25.688000000000002,73.292,1.2112995839999994,100497.68,41.0,2.9889285714285694
2018-05-21,24.0,29.709677419354854,25.76895161290322,79.57661290322581,1.1118317419354842,100548.50806451614,43.0,3.924460431654676
2018-05-22,25.0,27.847794117647066,25.09374999999999,85.15808823529412,1.3933842352941186,100693.49264705883,41.0,3.961029411764706
2018-05-23,25.0,29.0209923664122,24.84923664122137,78.9732824427481,1.936092702290076,100664.8854961832,29.0,3.63938223938224
2018-05-24,16.0,28.17630522088357,24.26987951807228,79.79116465863454,1.953690473895584,100698.27309236948,29.0,4.061403508771931
2018-05-25,15.0,29.316334661354585,25.12749003984064,78.75298804780876,2.194592382470119,100613.3466135458,29.0,4.313523131672596
2018-05-26,15.0,28.96965811965809,25.479059829059853,81.96153846153847,1.5281508376068371,100681.41025641024,34.0,3.771428571428572
2018-05-27,19.0,29.432128514056224,25.0281124497992,78.44979919678715,1.8802610120481948,100708.67469879518,42.0,2.800000000000003
2018-05-28,22.0,29.985600000000016,25.474799999999966,77.392,1.237406719999998,100705.28,32.0,3.9082397003745335
2018-05-29,14.0,29.348995983935733,25.486746987951822,80.03614457831327,2.547589397590364,100724.49799196787,28.0,3.1122377622377626
2018-05-30,16.0,29.838399999999986,25.805600000000034,79.444,2.752693504000004,100686.96,41.0,4.172759856630823
2018-05-31,24.0,29.146643109540623,25.39823321554772,80.57597173144876,1.536996183745584,100750.07067137813,37.0,4.30716845878136
2018-06-01,18.0,29.87231833910036,24.8107266435986,74.67474048442907,1.7081877923875464,100739.34256055363,37.0,4.202857142857143
2018-06-02,17.0,30.11145833333333,24.546180555555548,73.10416666666667,2.0515721111111147,100632.25694444444,26.0,3.933571428571428
2018-06-03,14.0,30.67812499999999,24.738194444444453,71.4201388888889,2.076252444444449,100448.22916666669,28.0,3.151957295373665
2018-06-04,14.0,30.76332179930796,24.40207612456748,69.4083044982699,1.5850584359861597,100406.26297577856,26.0,3.950541516245486
2018-06-05,15.0,30.56712802768169,24.645674740484427,70.98615916955019,1.5680430726643586,100535.81314878892,32.0,4.123049645390076
2018-06-06,17.0,29.47421602787456,24.682229965156782,76.07665505226481,2.0126145783972142,100638.50174216027,36.0,4.1441281138790025
2018-06-07,16.0,29.526388888888864,24.540625,74.88541666666667,3.223499888888888,100563.02083333331,33.0,4.049084249084252
2018-06-08,15.0,28.761805555555547,24.00138888888885,75.68402777777777,3.4797717777777764,100492.36111111114,26.0,4.212099644128114
2018-06-09,13.0,28.49513888888889,24.850347222222233,80.80555555555556,1.5927352222222215,100463.85416666669,30.0,3.737050359712232
2018-06-10,12.0,29.20208333333336,25.730208333333305,82.08680555555556,1.382098666666664,100541.14583333331,33.0,3.1592857142857165
2018-06-11,12.0,30.18506944444445,25.68506944444444,77.05208333333333,2.775373333333334,100569.51388888886,29.0,3.904982206405695
2018-06-12,11.0,30.58402777777779,25.215972222222234,73.42708333333333,2.5544921111111143,100650.59027777775,31.0,3.9812949640287743
2018-06-13,13.0,30.82367491166077,25.163250883392237,72.18021201413427,3.0575640424028285,100551.13074204947,34.0,4.09496402877698
2018-06-14,14.0,30.542708333333305,25.07777777777777,73.06597222222223,3.071226888888891,100490.13888888886,36.0,3.843359375000001
2018-06-15,18.0,29.561458333333324,25.271875000000023,78.35416666666667,2.5445578888888924,100437.95138888886,38.0,4.451079136690644
2018-06-16,17.0,29.467013888888875,25.21631944444449,78.12152777777777,2.50683888888889,100307.63888888886,38.0,3.562411347517733
2018-06-17,20.0,29.89097222222219,23.518055555555573,69.14930555555556,5.006227111111102,100181.07638888886,40.0,2.947670250896057
2018-06-18,22.0,29.58395904436859,24.332081911262808,74.11262798634813,2.858919972696248,100157.03071672352,46.0,3.9879120879120897
2018-06-19,24.0,30.28268551236745,24.879151943462876,73.4452296819788,2.1382096961130768,100333.18021201414,32.0,3.956317689530685
2018-06-20,15.0,,,,,,35.0,3.9752727272727215
2018-06-21,15.0,,,,,,48.0,4.0583657587548645
2018-06-22,22.0,30.771180555555574,24.785069444444453,70.96180555555556,2.034497666666669,100653.92361111114,51.0,4.844919786096257
2018-06-23,22.0,30.76666666666667,24.409375,69.46875,2.425347222222225,100571.59722222225,41.0,3.710320284697509
2018-06-24,19.0,30.38222996515679,24.433797909407676,70.88153310104529,2.2915862299651564,100546.55052264806,31.0,3.0940740740740758
2018-06-25,15.0,29.710763888888913,23.65138888888889,70.27777777777777,2.4984568888888923,100531.59722222225,34.0,3.931046931407944
2018-06-26,18.0,28.91654676258992,24.64064748201441,78.2158273381295,1.3895225323741005,100593.56115107914,39.0,4.17252747252747
2018-06-27,19.0,27.59791666666668,25.249305555555548,87.18402777777777,0.825471777777777,100686.94444444444,37.0,4.1740350877192975
2018-06-28,19.0,28.555555555555557,24.47326388888893,79.60069444444444,0.499349888888889,100706.28472222225,39.0,4.0699999999999985
2018-06-29,21.0,29.40659722222217,24.29548611111111,74.52777777777777,0.8234538888888887,100561.77083333331,29.0,4.2021739130434765
2018-06-30,14.0,29.628472222222207,24.932638888888906,76.90972222222223,2.18257966666667,100502.84722222225,36.0,3.9414893617021303
2018-07-01,16.0,29.503819444444428,24.98576388888889,77.8888888888889,2.0057815555555574,100552.8125,34.0,3.252313167259786
2018-07-02,14.0,28.875694444444473,24.82361111111113,79.55902777777777,2.7503825555555563,100566.90972222225,36.0,4.179928315412186
2018-07-03,15.0,29.32777777777777,24.140277777777804,73.94097222222223,2.8168176666666698,100518.92361111114,34.0,4.040072202166068
2018-07-04,14.0,29.42430555555553,23.956597222222207,72.71180555555556,3.035215333333337,100498.71527777775,47.0,3.9512544802867366
2018-07-05,16.0,29.79618055555553,23.940277777777762,71.08333333333333,3.437551333333331,100364.93055555556,42.0,4.024275362318842
2018-07-06,16.0,29.000694444444427,23.934374999999967,74.71875,3.6151255555555553,100321.90972222225,46.0,4.259498207885303
2018-07-07,20.0,29.56250000000004,23.598263888888887,70.8611111111111,3.827314333333325,100365.69444444444,49.0,3.754512635379061
2018-07-08,23.0,30.16388888888893,23.95590277777779,69.75,3.4347573333333368,100305.24305555556,47.0,3.060573476702512
2018-07-09,20.0,28.999652777777786,24.159027777777748,75.84375,2.5060627777777817,100376.28472222225,54.0,4.036785714285712
2018-07-10,24.0,28.99826388888889,24.428472222222233,77.21875,3.3853966666666637,100429.79166666669,39.0,3.994160583941608
2018-07-11,16.0,28.82222222222222,23.52256944444445,73.25,4.2184743333333214,100388.61111111114,45.0,3.90289855072464
2018-07-12,17.0,29.08958333333333,23.63125,72.69791666666667,3.660605666666663,100296.77083333331,42.0,3.999285714285709
2018-07-13,16.0,29.475609756097555,23.89198606271778,72.22648083623693,4.076163679442503,100247.83972125435,60.0,4.312056737588653
2018-07-14,24.0,29.26006944444445,24.177430555555528,74.4513888888889,2.8459994444444487,100290.90277777775,40.0,3.710839160839164
2018-07-15,19.0,29.33020833333333,24.197222222222234,74.40972222222223,3.5632813333333333,100403.26388888886,49.0,3.0361702127659553
2018-07-16,21.0,28.82881944444441,24.27708333333334,76.63541666666667,3.5460516666666635,100384.34027777775,47.0,3.9573033707865184
2018-07-17,23.0,27.48125,24.92152777777776,86.08333333333331,2.7305141111111118,100150.3125,37.0,4.541218637992831
2018-07-18,16.0,28.662847222222233,24.102777777777767,76.6736111111111,4.508429444444434,100024.23611111114,31.0,3.9650909090909083
2018-07-19,15.0,28.789930555555557,24.60173611111113,78.35069444444444,1.7541663333333335,100237.11805555556,39.0,4.0207885304659525
2018-07-20,17.0,29.814236111111068,25.77916666666665,79.2361111111111,1.6245557777777773,100401.77083333331,44.0,4.24404332129964
2018-07-21,20.0,30.425783972125448,25.283972125435554,74.29616724738678,3.002021574912892,100486.79442508712,39.0,3.7314487632508837
2018-07-22,19.0,29.47152777777779,24.96145833333333,77.10416666666667,2.8973780000000016,100490.69444444444,47.0,3.1832727272727275
2018-07-23,23.0,29.657638888888922,25.02083333333335,76.5486111111111,2.8019163333333363,100428.88888888886,56.0,4.098207885304661
2018-07-24,28.0,29.759027777777767,24.054166666666692,71.78819444444444,3.2829499999999987,100492.25694444444,49.0,4.0296428571428535
2018-07-25,22.0,29.81493055555555,25.03923611111113,75.77430555555556,2.769630111111113,100516.11111111114,47.0,4.2922222222222235
2018-07-26,21.0,29.67847222222225,24.90590277777776,75.77430555555556,2.4352814444444486,100527.56944444444,46.0,4.738709677419357
2018-07-27,22.0,30.15226480836238,24.99407665505228,74.32404181184668,3.1462581742160265,100461.42857142855,36.0,3.226978417266185
2018-07-28,18.0,29.97916666666665,25.061458333333306,75.21180555555556,2.705212888888892,100456.11111111114,38.0,2.6390070921985824
2018-07-29,20.0,29.127777777777766,24.93229166666665,78.6076388888889,2.126699666666676,100425.41666666669,44.0,2.666903914590748
2018-07-30,20.0,27.881597222222233,24.521875,82.30555555555556,1.834571444444445,100509.375,45.0,3.1452898550724635
2018-07-31,21.0,29.0861111111111,23.567361111111087,72.68402777777777,2.173887222222225,100630.17361111114,42.0,4.11543859649123
2018-08-01,21.0,29.39201388888888,23.59618055555556,71.36805555555556,3.2056493333333345,100607.43055555556,46.0,4.1697508896797135
2018-08-02,23.0,29.53125,23.003819444444442,68.26041666666667,3.95040555555555,100651.45833333331,43.0,4.0275
2018-08-03,21.0,29.449652777777768,23.254513888888887,69.58680555555556,3.6463252222222176,100534.34027777775,37.0,4.33286219081272
2018-08-04,18.0,29.69895833333336,24.184027777777768,72.44444444444444,2.8337368888888914,100444.86111111114,44.0,4.036071428571427
2018-08-05,17.0,29.065625000000054,24.583333333333357,76.96180555555556,2.7710271111111133,100472.53472222225,32.0,3.31
2018-08-06,18.0,28.06493055555553,24.67638888888886,82.15277777777777,1.5160554444444445,100460.27777777775,41.0,4.301792114695334
2018-08-07,22.0,28.46215277777781,25.44722222222221,84.1736111111111,0.7484815555555553,100349.75694444444,53.0,4.425539568345324
2018-08-08,30.0,28.89548611111111,24.050347222222207,75.94444444444444,3.2011478888888867,100373.99305555556,42.0,4.141696113074202
2018-08-09,20.0,29.145138888888887,22.81041666666668,69.0486111111111,4.539629111111107,100414.6875,34.0,4.106382978723406
2018-08-10,19.0,29.069444444444464,23.32673611111109,71.35069444444444,2.7694748888888903,100452.88194444444,34.0,4.308480565371024
2018-08-11,15.0,28.542708333333348,24.09097222222221,77.06944444444444,2.6876727777777827,100422.22222222225,32.0,3.780645161290322
2018-08-12,14.0,28.99895833333334,23.68506944444445,73.4201388888889,3.3677013333333377,100352.46527777775,33.0,2.7888489208633103
2018-08-13,15.0,29.359233449477358,25.238327526132398,78.74564459930312,2.230838634146347,100398.4668989547,34.0,2.8702127659574486
2018-08-14,16.0,29.394097222222232,24.953819444444452,77.37847222222223,3.200371777777777,100423.125,36.0,4.014642857142859
2018-08-15,16.0,28.53159722222221,24.971874999999986,81.56944444444444,2.8186803333333366,100573.05555555556,49.0,4.311956521739128
2018-08-16,18.0,29.00487804878048,24.30348432055749,76.2787456445993,2.7786573379790966,100401.74216027877,38.0,3.9413043478260863
2018-08-17,17.0,29.048780487804862,24.44634146341461,76.44947735191637,2.9579406271777,100054.25087108012,23.0,4.170036101083034
2018-08-18,11.0,28.660069444444453,24.90104166666665,80.57291666666667,1.2035931111111098,100113.02083333331,30.0,4.044765342960291
2018-08-19,11.0,28.63958333333339,25.151041666666607,81.63194444444444,1.9779967777777825,100363.75,32.0,3.1021660649819487
2018-08-20,15.0,29.36111111111109,25.83298611111113,81.6111111111111,1.907525888888896,100562.25694444444,52.0,3.989323843416367
2018-08-21,26.0,29.51881533101047,25.69337979094079,80.38675958188153,2.00171116376307,100442.61324041813,46.0,4.057347670250893
2018-08-22,23.0,29.313541666666683,24.786458333333353,77.11805555555556,2.7371886666666745,100352.04861111114,48.0,4.241342756183747
2018-08-23,25.0,29.239930555555574,24.943749999999994,78.3611111111111,2.109470000000006,100430.27777777775,36.0,4.2231316725978685
2018-08-24,21.0,28.386805555555586,24.70937499999999,81.16666666666667,1.7965420000000007,100540.3125,28.0,4.654804270462633
2018-08-25,16.0,27.185763888888932,24.84479166666668,87.45138888888891,1.3873762222222228,100567.43055555556,30.0,4.101766784452298
2018-08-26,15.0,27.07465277777776,24.633680555555554,86.82638888888891,1.4507068888888892,100475.17361111114,29.0,3.2804347826086957
2018-08-27,16.0,26.47743055555555,24.277083333333348,88.26041666666669,1.7696885555555577,100576.04166666669,43.0,4.5712177121771225
2018-08-28,20.0,27.40416666666666,23.88020833333332,81.93055555555556,2.194066111111112,100713.71527777775,52.0,4.266666666666667
2018-08-29,25.0,28.66701388888892,23.928125,75.97916666666667,2.240943222222226,100628.29861111114,33.0,4.029285714285713
2018-08-30,14.0,28.65138888888887,23.86215277777778,75.60069444444444,2.41230855555556,100486.21527777775,33.0,4.100350877192984
2018-08-31,16.0,27.764236111111106,24.16631944444445,81.4826388888889,1.550670000000002,100650.10416666669,43.0,4.462277580071175
2018-09-01,20.0,28.56666666666668,24.7902777777778,81.1076388888889,1.4864080000000008,100829.0625,40.0,4.022661870503597
2018-09-02,19.0,29.94444444444445,24.433680555555558,73.0798611111111,3.190903222222224,100634.79166666669,31.0,3.399644128113879
2018-09-03,16.0,28.651736111111088,24.436458333333373,78.93402777777777,2.637070333333338,100569.375,26.0,4.3874551971326134
2018-09-04,15.0,27.53194444444444,24.04409722222222,82.21180555555556,1.6194334444444451,100701.11111111114,38.0,4.4057347670250895
2018-09-05,18.0,27.27430555555555,23.639930555555573,81.43055555555556,2.452976777777784,100736.84027777775,43.0,4.454838709677422
2018-09-06,23.0,28.7152777777778,23.55451388888887,75.16666666666667,3.1728974444444438,100580.65972222225,49.0,4.3135714285714295
2018-09-07,23.0,30.265277777777786,24.520833333333357,72.53472222222223,3.4467094444444437,100460.72916666669,49.0,4.395759717314487
2018-09-08,28.0,28.94305555555554,24.257291666666664,76.0486111111111,1.3482602222222222,100484.47916666669,53.0,3.80250896057348
2018-09-09,34.0,27.88506944444445,24.824305555555554,83.69097222222223,0.347853,100711.07638888886,56.0,3.2458781362007163
2018-09-10,39.0,28.1902777777778,25.237847222222207,84.3576388888889,0.2915073333333333,100921.28472222225,41.0,3.893454545454542
2018-09-11,21.0,29.54861111111112,24.80173611111111,76.73958333333333,2.038223000000007,100810.90277777775,41.0,4.098586572438161
2018-09-12,21.0,28.666783216783234,24.918181818181786,80.65034965034965,1.256870153846153,100629.93006993008,42.0,4.3306859205776185
2018-09-13,22.0,28.165277777777767,24.141319444444452,80.0451388888889,1.8351923333333364,100524.34027777775,34.0,4.132616487455195
2018-09-14,18.0,26.7409722222222,24.23194444444444,86.60763888888891,2.9417715555555564,100521.94444444444,36.0,4.478676470588236
2018-09-15,21.0,27.54216027874564,24.96062717770034,86.58536585365853,1.9160414773519192,100419.23344947737,37.0,3.94548736462094
2018-09-16,20.0,27.52604166666666,25.136111111111163,87.31944444444444,1.1283103333333322,100235.83333333331,37.0,3.1132352941176467
2018-09-17,16.0,29.261111111111106,24.13680555555553,74.40625,2.476415333333337,100266.59722222225,26.0,3.878985507246378
2018-09-18,13.0,29.26006944444445,24.065277777777766,74.17708333333333,2.4160338888888924,100552.32638888886,33.0,3.9728571428571393
2018-09-19,16.0,27.804861111111087,24.391666666666694,82.0138888888889,1.6526509999999999,100791.38888888886,48.0,4.0033457249070645
2018-09-20,25.0,28.51770833333333,24.75833333333333,80.8923611111111,1.6728298888888915,100794.20138888886,56.0,3.98550724637681
2018-09-21,31.0,30.20937500000001,25.13368055555553,75.04166666666667,1.7060474444444451,100789.82638888886,43.0,4.08364312267658
2018-09-22,24.0,29.697916666666625,24.869791666666675,76.39583333333333,2.287354666666669,100908.99305555556,35.0,3.754212454212455
2018-09-23,20.0,28.28298611111109,24.72291666666666,82.1388888888889,1.7273128888888891,100973.40277777775,46.0,3.3026022304832714
2018-09-24,25.0,27.25972222222225,25.148611111111048,88.42708333333331,1.1210148888888876,100936.25,48.0,3.99737827715356
2018-09-25,26.0,29.16562499999999,25.33506944444445,80.84027777777777,1.7684467777777784,100778.64583333331,38.0,4.089629629629629
2018-09-26,16.0,29.948958333333305,24.667708333333305,73.9201388888889,2.330196000000005,100672.32638888886,38.0,4.0731343283582095
2018-09-27,16.0,30.406250000000025,25.495486111111113,75.72569444444444,2.425968111111118,100623.33333333331,44.0,4.0293040293040265
2018-09-28,22.0,30.39756944444445,25.62013888888889,76.3125,1.6911461111111106,100609.40972222225,49.0,4.336296296296293
2018-09-29,30.0,29.97708333333333,25.942361111111122,79.58680555555556,2.1274757777777804,100609.58333333331,32.0,4.127037037037037
2018-09-30,18.0,29.13125000000001,24.48472222222224,77.4201388888889,1.6698806666666672,100670.72916666669,33.0,3.6219330855018583
2018-10-01,19.0,28.22395833333332,24.953819444444452,83.08333333333333,1.8431086666666685,100786.28472222225,42.0,4.131365313653138
2018-10-02,24.0,27.057986111111106,24.73090277777776,87.26736111111109,1.6321616666666665,100879.20138888886,70.0,4.163043478260869
2018-10-03,38.0,29.250347222222203,24.61215277777773,77.38194444444444,1.5724011111111118,100858.95833333331,58.0,3.969402985074627
2018-10-04,38.0,29.83055555555553,23.60104166666667,70.98958333333333,2.338888444444448,100845.0,27.0,4.0656603773584905
2018-10-05,17.0,27.37083333333334,24.28333333333332,84.2048611111111,2.369777666666672,100915.3125,38.0,4.469372693726935
2018-10-06,22.0,27.838194444444433,24.826041666666665,84.5173611111111,1.4146953333333316,100911.66666666669,42.0,3.8977941176470607
2018-10-07,26.0,28.54965277777778,25.18506944444445,82.9513888888889,1.336773777777778,100897.84722222225,49.0,3.3396296296296306
2018-10-08,30.0,28.678472222222236,25.04305555555554,81.28819444444444,1.1500414444444451,100860.0,49.0,3.801872659176032
2018-10-09,30.0,28.08958333333333,24.299305555555573,80.46527777777777,1.2319987777777763,100824.96527777775,51.0,3.946886446886445
2018-10-10,33.0,30.132638888888874,24.39756944444447,71.96527777777777,1.2021961111111106,100846.5625,50.0,3.940520446096654
2018-10-11,30.0,30.472916666666666,24.315277777777766,70.63194444444444,1.5790756666666683,100961.59722222225,35.0,3.8311355311355335
2018-10-12,19.0,30.566319444444453,23.679513888888874,67.2013888888889,1.8612696666666684,101061.80555555556,51.0,4.26886446886447
2018-10-13,33.0,27.812847222222203,24.72465277777779,83.72916666666667,1.105027,101079.82638888886,51.0,3.189259259259261
2018-10-14,33.0,30.117708333333358,25.31006944444444,76.37152777777777,0.9176737777777776,100959.23611111114,43.0,2.8179104477611965
2018-10-15,23.0,29.91118881118878,25.365034965034962,77.5944055944056,0.825773538461538,100972.76223776225,33.0,3.137454545454545
2018-10-16,17.0,30.487062937062987,25.737412587412585,76.2937062937063,1.2431150769230743,100934.09090909091,40.0,3.8731343283582063
2018-10-17,22.0,30.20173611111109,25.33333333333332,75.65625,0.9370765555555544,100824.51388888886,48.0,3.917735849056603
2018-10-18,27.0,30.34716312056737,25.16347517730496,74.64539007092198,1.2112881702127662,100758.6170212766,60.0,3.9523985239852433
2018-10-19,39.0,29.896527777777727,24.99583333333334,75.41319444444444,0.6792524444444444,100820.83333333331,44.0,3.958888888888892
2018-10-20,29.0,27.310416666666693,24.65486111111109,85.7986111111111,1.3242007777777791,100895.13888888886,24.0,3.912
2018-10-21,14.0,26.901736111111113,24.9322916666667,89.13888888888891,2.4906957777777787,100976.97916666669,35.0,3.1222641509433977
2018-10-22,18.0,28.84583333333333,25.29097222222221,81.84722222222223,1.4258713333333333,100983.61111111114,39.0,3.5369402985074645
2018-10-23,21.0,28.02986111111111,25.331250000000004,85.56597222222223,0.9187603333333326,100979.30555555556,44.0,3.1438202247191
2018-10-24,27.0,28.226388888888863,24.798958333333307,82.43402777777777,1.4673156666666642,101025.06944444444,55.0,3.678700361010831
2018-10-25,33.0,28.77708333333333,25.334375000000016,82.16666666666667,1.3923433333333313,101049.75694444444,46.0,3.658455882352941
2018-10-26,26.0,29.634374999999984,25.072222222222237,77.7361111111111,2.164573888888893,101095.38194444444,53.0,4.0528985507246365
2018-10-27,29.0,30.121180555555558,24.28229166666667,72.28819444444444,1.7094623333333352,101068.50694444444,36.0,3.5639999999999983
2018-10-28,19.0,30.596875000000033,23.739236111111087,67.47569444444444,1.0421619999999985,101032.22222222225,46.0,3.0818518518518525
2018-10-29,26.0,31.10833333333334,24.033680555555573,66.79166666666667,0.5764953333333335,100931.25,42.0,3.86642066420664
2018-10-30,25.0,30.50739299610895,21.84357976653697,60.42023346303502,2.0732567159533075,100911.43968871595,52.0,4.0270370370370365
2018-10-31,29.0,29.196842105263137,17.32263157894737,49.54736842105264,1.6629887999999982,101028.57894736844,55.0,4.040647482014388
2018-11-01,35.0,28.57712765957447,16.8531914893617,50.1595744680851,2.7540517446808543,101013.40425531915,65.0,3.9859778597785938
2018-11-02,40.0,28.90370370370369,17.29523809523809,50.2962962962963,1.561328592592592,101050.37037037036,73.0,4.202264150943397
2018-11-03,47.0,29.10777202072539,18.63886010362695,54.067357512953365,0.8970911502590676,101113.57512953367,73.0,3.7265232974910374
2018-11-04,46.0,29.97817258883248,20.8502538071066,59.03045685279188,0.6680638375634519,101003.14720812182,67.0,3.0128205128205092
2018-11-05,44.0,30.85833333333332,22.03444444444445,60.1,0.9618810666666672,100874.05555555556,63.0,3.8509363295880163
2018-11-06,39.0,30.635602094240827,22.08429319371728,61.0890052356021,0.6815604607329844,100886.33507853404,55.0,3.9707142857142874
2018-11-07,29.0,30.27809523809525,23.052857142857146,65.68571428571428,2.30523626666667,100915.14285714287,40.0,4.020938628158849
2018-11-08,20.0,29.9689024390244,23.584756097560977,68.79878048780488,2.9433767804878097,100815.18292682926,37.0,4.204395604395606
2018-11-09,21.0,27.63719512195122,24.145121951219522,81.64634146341461,2.0127703414634124,100832.74390243902,45.0,4.407664233576644
2018-11-10,24.0,27.934394904458628,24.633757961783424,82.828025477707,1.54499301910828,100947.83439490444,46.0,3.5709090909090926
2018-11-11,27.0,29.472571428571445,24.350857142857148,75.21714285714286,0.891014582857143,100938.5142857143,59.0,2.949442379182158
2018-11-12,38.0,30.168939393939386,23.98712121212121,70.88636363636364,0.3630506666666667,100825.15151515152,67.0,4.111428571428567
2018-11-13,44.0,,,,,,64.0,3.8775735294117615
2018-11-14,40.0,30.28510638297872,25.18439716312055,74.85460992907802,1.7127021843971644,100723.54609929078,68.0,3.9479853479853464
2018-11-15,51.0,30.392907801418442,25.756737588652488,76.65602836879432,1.474122326241135,100838.26241134752,46.0,4.074632352941174
2018-11-16,28.0,30.296140350877128,26.083157894736857,78.50526315789473,2.059364266666671,100902.24561403508,45.0,4.0727598566308245
2018-11-17,25.0,29.564788732394362,25.563732394366216,79.49647887323944,1.1470353802816895,100915.91549295775,77.0,3.577490774907748
2018-11-18,37.0,29.13888888888891,24.81562500000002,77.88194444444444,1.039212777777777,100996.49305555556,67.0,2.9689781021897805
2018-11-19,40.0,,,,,,58.0,3.6881294964028775
2018-11-20,35.0,29.595486111111136,24.656249999999968,75.48958333333333,1.6065499999999986,101042.1875,56.0,3.86875
2018-11-21,37.0,30.89618055555554,24.38819444444448,69.9375,1.6060843333333343,100971.14583333331,52.0,3.9147058823529393
2018-11-22,36.0,30.98541666666667,24.75868055555553,70.5,1.537786555555557,100993.19444444444,50.0,4.006691449814127
2018-11-23,30.0,30.217708333333324,23.30069444444447,67.09027777777777,1.3488811111111103,101126.42361111114,61.0,4.028089887640447
2018-11-24,30.0,30.014930555555548,21.964583333333305,62.5625,0.8967187777777779,101084.58333333331,58.0,3.5474264705882366
2018-11-25,35.0,30.165277777777767,21.085763888888877,59.25347222222222,0.9487182222222208,101007.32638888886,58.0,3.041025641025642
2018-11-26,35.0,29.518750000000004,19.84652777777778,56.55902777777778,1.2978129999999992,101007.08333333331,51.0,3.867158671586717
2018-11-27,31.0,27.730208333333348,20.120833333333326,63.8125,2.228991111111112,101176.04166666669,41.0,3.821245421245421
2018-11-28,25.0,26.5503472222222,20.887847222222227,71.27777777777777,2.4438186666666706,101250.79861111114,54.0,3.897435897435897
2018-11-29,33.0,28.648263888888913,22.09513888888889,68.51041666666667,1.7089966666666652,101261.52777777775,63.0,3.9654676258992825
2018-11-30,41.0,29.443205574912877,22.960278745644587,68.66550522648083,1.258721337979092,101167.63066202088,68.0,4.30922509225092
2018-12-01,40.0,30.31388888888888,23.67465277777778,68.41319444444444,0.5612835555555551,100981.07638888886,61.0,3.840293040293042
2018-12-02,37.0,31.030555555555548,23.795138888888875,66.30902777777777,0.5192183333333334,100861.63194444444,54.0,3.437174721189592
2018-12-03,32.0,31.40173611111107,23.784722222222207,64.90625,0.8245404444444442,100880.38194444444,70.0,4.048327137546469
2018-12-04,48.0,31.835416666666656,23.64236111111111,62.63888888888889,1.1478683333333315,100895.86805555556,50.0,4.327137546468404
2018-12-05,31.0,31.65590277777777,23.90034722222222,64.0763888888889,1.3361528888888865,100780.10416666669,51.0,3.1021739130434787
2018-12-06,31.0,31.21840277777777,23.577777777777747,64.9826388888889,0.7675738888888882,100751.80555555556,58.0,4.110989010989009
2018-12-07,35.0,31.311805555555548,23.6670138888889,64.23958333333333,1.1598204444444464,100800.69444444444,41.0,4.22637362637363
2018-12-08,23.0,26.0690972222222,23.62604166666668,86.91666666666669,2.7024188888888894,101032.11805555556,46.0,3.766788321167882
2018-12-09,28.0,27.43715277777779,23.980902777777786,82.03819444444444,1.8182731111111108,101008.15972222225,57.0,2.5537037037037043
2018-12-10,30.0,27.90312500000001,22.714930555555586,73.77083333333333,1.6316960000000005,100975.27777777775,61.0,2.9487179487179507
2018-12-11,33.0,29.293055555555547,23.22152777777778,70.15972222222223,1.7162921111111114,100973.05555555556,45.0,3.9560150375939855
2018-12-12,25.0,28.160278745644607,23.18675958188153,74.59581881533101,2.4942339790940813,101107.70034843207,44.0,3.9726937269372655
2018-12-13,24.0,27.550347222222207,20.62500000000001,66.24652777777777,2.0858762222222254,101263.125,54.0,3.923357664233577
2018-12-14,28.0,27.240625,20.139236111111124,65.52083333333333,1.2914488888888878,101288.99305555556,62.0,4.1934545454545455
2018-12-15,32.0,27.51006944444445,20.030902777777776,63.954861111111114,1.8629771111111169,101287.11805555556,53.0,3.732727272727272
2018-12-16,27.0,29.033333333333346,20.844791666666683,61.51388888888889,1.7248293333333349,101277.5,44.0,3.011355311355309
2018-12-17,23.0,28.38576388888889,20.657638888888915,63.14583333333334,1.8213775555555587,101271.11111111114,61.0,3.959191176470588
2018-12-18,25.0,28.42048611111111,20.596874999999983,62.986111111111114,2.7893433333333344,101215.13888888886,62.0,3.9904761904761945
2018-12-19,38.0,29.35104166666666,20.978125,61.40625,1.9238242222222235,101210.9375,90.0,4.538790035587178
2018-12-20,59.0,30.073611111111106,22.953819444444427,66.33333333333333,1.259162666666665,101088.68055555556,79.0,6.2999999999999705
2018-12-21,50.0,30.339930555555558,23.634027777777792,68.25347222222223,1.2889653333333335,100925.06944444444,70.0,5.8077738515900865
2018-12-22,39.0,31.040277777777767,24.176041666666645,67.7326388888889,1.5796965555555564,100891.04166666669,63.0,3.6525925925925935
2018-12-23,37.0,30.769791666666666,22.921874999999986,63.38888888888889,2.683171333333336,100879.6875,61.0,3.0615671641791034
2018-12-24,33.0,30.10208333333335,21.788194444444475,61.788194444444436,2.320727444444449,100902.56944444444,71.0,3.7580291970802895
2018-12-25,40.0,29.61770833333333,20.74930555555555,60.39930555555557,1.9463314444444508,100852.56944444444,77.0,3.984249084249085
2018-12-26,47.0,29.10798611111112,19.671180555555566,57.86458333333334,2.18025133333334,100788.68055555556,77.0,3.8356363636363615
2018-12-27,44.0,29.06180555555553,19.24340277777779,56.55208333333334,2.030927555555561,100721.875,74.0,3.673529411764701
2018-12-28,46.0,29.46840277777773,21.084375000000012,61.11805555555557,2.056073555555558,100755.90277777775,39.0,3.4857677902621726
2018-12-29,25.0,27.25798611111113,23.309027777777768,79.77777777777777,2.631482333333337,101066.00694444444,43.0,2.7513011152416365
2018-12-30,24.0,26.21597222222221,22.104861111111106,78.66319444444444,2.5069941111111134,101280.17361111114,,2.0823529411764703
2018-12-31,22.0,26.339930555555547,19.968402777777754,68.75,1.241622555555556,101417.98611111114,40.0,1.9215613382899632
2019-01-01,22.0,26.040277777777785,18.01319444444444,61.631944444444436,0.9952848888888884,101466.94444444444,49.0,1.8834615384615392
2019-01-02,25.0,26.255555555555574,17.735416666666666,59.87152777777778,0.8229882222222225,101403.19444444444,53.0,2.4255474452554733
2019-01-03,28.0,25.363194444444442,17.838888888888885,63.19791666666666,1.226566,101414.75694444444,59.0,2.8580645161290317
2019-01-04,31.0,26.28159722222221,19.130902777777788,64.88194444444444,0.8732802222222221,101284.09722222225,60.0,3.29124087591241
2019-01-05,34.0,26.431944444444472,20.566666666666666,70.3263888888889,0.4470400000000002,101204.61805555556,77.0,3.3830258302583034
2019-01-06,51.0,27.54166666666668,22.799305555555573,76.37152777777777,0.3203786666666668,101201.59722222225,74.0,2.7743682310469304
2019-01-07,58.0,28.609375,23.37777777777778,73.8611111111111,0.6461901111111107,101085.3125,46.0,3.7634686346863497
2019-01-08,,,,,,,51.0,3.8826714801444058
2019-01-09,,27.951736111111106,24.49687500000001,81.86805555555556,0.3700497777777779,101140.13888888886,60.0,3.958029197080291
2019-01-10,47.0,28.827777777777786,24.067708333333325,76.5763888888889,0.5642327777777774,101086.97916666669,83.0,3.9032608695652162
2019-01-11,83.0,29.37986111111111,23.45972222222222,71.36805555555556,0.2682240000000002,101070.625,69.0,4.0487179487179485
2019-01-12,62.0,30.399652777777785,23.25937499999999,67.37847222222223,0.5490209999999998,101034.61805555556,78.0,3.435943060498221
2019-01-13,70.0,,,,,,78.0,2.9626415094339595
2019-01-14,64.0,30.123958333333306,24.007638888888913,70.97222222222223,0.593725,100874.13194444444,66.0,3.653505535055351
2019-01-15,48.0,28.695138888888888,24.262499999999992,77.47569444444444,0.3205338888888891,100913.4375,59.0,3.853649635036496
,,,,,,,38.0,
,,,,,,,39.0,
,,,,,,,26.0,
,,,,,,,28.0,
,,,,,,,35.0,
,,,,,,,29.0,
,,,,,,,34.0,
,,,,,,,35.0,
,,,,,,,31.0,
,,,,,,,39.0,
,,,,,,,45.0,
,,,,,,,51.0,
,,,,,,,44.0,
,,,,,,,39.0,
,,,,,,,,
,,,,,,,,
,,,,,,,,
,,,,,,,,
,,,,,,,,
,,,,,,,,
,,,,,,,,
,,,,,,,,
,,,,,,,,
,,,,,,,,
,,,,,,,,
,,,,,,,,
,,,,,,,,
,,,,,,,,
,,,,,,,,
,,,,,,,,
,,,,,,,,
,,,,,,,,
,,,,,,,,
,,,,,,,,
,,,,,,,,
,,,,,,,,
,,,,,,,,
,,,,,,,,
,,,,,,,,
,,,,,,,,
,,,,,,,,
,,,,,,,,
,,,,,,,,
,,,,,,,,
,,,,,,,,
,,,,,,,,
,,,,,,,,
,,,,,,,,
,,,,,,,,
,,,,,,,,
,,,,,,,,
,,,,,,,,
,,,,,,,,
,,,,,,,,
,,,,,,,,
,,,,,,,,
,,,,,,,,
,,,,,,,,
,,,,,,,,
,,,,,,,,
,,,,,,,,
,,,,,,,,
,,,,,,,,
,,,,,,,,
,,,,,,,,
,,,,,,,,
,,,,,,,,
,,,,,,,,
,,,,,,,,
,,,,,,,,
,,,,,,,,
,,,,,,,,
,,,,,,,,
,,,,,,,,
,,,,,,,,
,,,,,,,,
,,,,,,,,
,,,,,,,,
,,,,,,,,
,,,,,,,,
,,,,,,,,
,,,,,,,,
,,,,,,,,
,,,,,,,,
,,,,,,,,
,,,,,,,,
,,,,,,,,
,,,,,,,,
,,,,,,,,
,,,,,,,,
,,,,,,,,
,,,,,,,,
,,,,,,,,
,,,,,,,,
,,,,,,,,
,,,,,,,,
,,,,,,,,
,,,,,,,,
,,,,,,,,
,,,,,,,,
,,,,,,,,
,,,,,,,,
,,,,,,,,
,,,,,,,,
,,,,,,,,
,,,,,,,,
,,,,,,,,
,,,,,,,,
,,,,,,,,
,,,,,,,,
,,,,,,,,
,,,,,,,,
,,,,,,,,
,,,,,,,,
,,,,,,,,
,,,,,,,,
,,,,,,,,
,,,,,,,,
,,,,,,,,
,,,,,,,,
,,,,,,,,
,,,,,,,,
,,,,,,,,
,,,,,,,,
,,,,,,,,
,,,,,,,,
,,,,,,,,
,,,,,,,,
,,,,,,,,
,,,,,,,,
,,,,,,,,
,,,,,,,,
,,,,,,,,
,,,,,,,,
,,,,,,,,
,,,,,,,,
,,,,,,,,
,,,,,,,,
,,,,,,,,
,,,,,,,,
,,,,,,,,
,,,,,,,,
,,,,,,,,
,,,,,,,,
,,,,,,,,
,,,,,,,,
,,,,,,,,
,,,,,,,,
,,,,,,,,
,,,,,,,,
,,,,,,,,
,,,,,,,,
,,,,,,,,
,,,,,,,,
,,,,,,,,
,,,,,,,,
,,,,,,,,
,,,,,,,,
,,,,,,,,
,,,,,,,,
,,,,,,,,
,,,,,,,,
,,,,,,,,
,,,,,,,,
,,,,,,,,
,,,,,,,,
,,,,,,,,
,,,,,,,,
,,,,,,,,
,,,,,,,,
,,,,,,,,
,,,,,,,,
,,,,,,,,
,,,,,,,,
,,,,,,,,
,,,,,,,,
,,,,,,,,
,,,,,,,,
,,,,,,,,
,,,,,,,,
,,,,,,,,
,,,,,,,,
,,,,,,,,
,,,,,,,,
,,,,,,,,
,,,,,,,,
,,,,,,,,
,,,,,,,,
,,,,,,,,
,,,,,,,,
,,,,,,,,
,,,,,,,,
,,,,,,,,
,,,,,,,,
,,,,,,,,
,,,,,,,,
,,,,,,,,
,,,,,,,,
,,,,,,,,
,,,,,,,,
,,,,,,,,
,,,,,,,,
,,,,,,,,
,,,,,,,,
,,,,,,,,
,,,,,,,,
,,,,,,,,
,,,,,,,,
,,,,,,,,
,,,,,,,,
,,,,,,,,
,,,,,,,,
,,,,,,,,
,,,,,,,,
,,,,,,,,
,,,,,,,,
,,,,,,,,
,,,,,,,,
,,,,,,,,
,,,,,,,,
,,,,,,,,
,,,,,,,,
,,,,,,,,
,,,,,,,,
,,,,,,,,
,,,,,,,,
,,,,,,,,
,,,,,,,,
,,,,,,,,
,,,,,,,,
,,,,,,,,
,,,,,,,,
,,,,,,,,
,,,,,,,,
,,,,,,,,
,,,,,,,,
,,,,,,,,
,,,,,,,,
,,,,,,,,
,,,,,,,,
,,,,,,,,
,,,,,,,,
,,,,,,,,
,,,,,,,,
,,,,,,,,
,,,,,,,,
,,,,,,,,
,,,,,,,,
,,,,,,,,
,,,,,,,,
,,,,,,,,
,,,,,,,,
,,,,,,,,
,,,,,,,,
,,,,,,,,
,,,,,,,,
,,,,,,,,
,,,,,,,,
,,,,,,,,
,,,,,,,,
,,,,,,,,
,,,,,,,,
,,,,,,,,
,,,,,,,,
,,,,,,,,
,,,,,,,,
,,,,,,,,
,,,,,,,,
,,,,,,,,
,,,,,,,,
,,,,,,,,
,,,,,,,,
,,,,,,,,
,,,,,,,,
,,,,,,,,
,,,,,,,,
,,,,,,,,
,,,,,,,,
,,,,,,,,
,,,,,,,,
,,,,,,,,
,,,,,,,,
,,,,,,,,
,,,,,,,,
,,,,,,,,
,,,,,,,,
,,,,,,,,
,,,,,,,,
,,,,,,,,
,,,,,,,,
,,,,,,,,
,,,,,,,,
,,,,,,,,
,,,,,,,,
,,,,,,,,
,,,,,,,,
,,,,,,,,
,,,,,,,,
,,,,,,,,
,,,,,,,,
,,,,,,,,
,,,,,,,,
,,,,,,,,
,,,,,,,,
,,,,,,,,
,,,,,,,,
,,,,,,,,
,,,,,,,,
,,,,,,,,
,,,,,,,,
,,,,,,,,
,,,,,,,,
,,,,,,,,
,,,,,,,,
,,,,,,,,
,,,,,,,,
,,,,,,,,
,,,,,,,,
,,,,,,,,
,,,,,,,,
,,,,,,,,
,,,,,,,,
,,,,,,,,
,,,,,,,,
,,,,,,,,
,,,,,,,,
,,,,,,,,
,,,,,,,,
,,,,,,,,
,,,,,,,,
,,,,,,,,
,,,,,,,,
,,,,,,,,
,,,,,,,,
,,,,,,,,
,,,,,,,,
,,,,,,,,
,,,,,,,,
,,,,,,,,
,,,,,,,,
,,,,,,,,
,,,,,,,,
,,,,,,,,
,,,,,,,,
,,,,,,,,
,,,,,,,,
,,,,,,,,
,,,,,,,,
,,,,,,,,
,,,,,,,,
,,,,,,,,
,,,,,,,,
,,,,,,,,
,,,,,,,,
,,,,,,,,
,,,,,,,,
,,,,,,,,
,,,,,,,,
,,,,,,,,
,,,,,,,,
,,,,,,,,
,,,,,,,,
,,,,,,,,
,,,,,,,,
,,,,,,,,
,,,,,,,,
,,,,,,,,
,,,,,,,,
,,,,,,,,
,,,,,,,,
,,,,,,,,
,,,,,,,,
,,,,,,,,
,,,,,,,,
,,,,,,,,
,,,,,,,,
,,,,,,,,
,,,,,,,,
,,,,,,,,
,,,,,,,,
,,,,,,,,
,,,,,,,,
,,,,,,,,
,,,,,,,,
,,,,,,,,
,,,,,,,,
,,,,,,,,
,,,,,,,,
,,,,,,,,
,,,,,,,,
,,,,,,,,
,,,,,,,,
,,,,,,,,
,,,,,,,,
,,,,,,,,
,,,,,,,,
,,,,,,,,
,,,,,,,,
,,,,,,,,
,,,,,,,,
,,,,,,,,
,,,,,,,,
,,,,,,,,
,,,,,,,,
,,,,,,,,
,,,,,,,,
,,,,,,,,
,,,,,,,,
,,,,,,,,
,,,,,,,,
,,,,,,,,
,,,,,,,,
,,,,,,,,
,,,,,,,,
,,,,,,,,
,,,,,,,,
,,,,,,,,
,,,,,,,,
,,,,,,,,
,,,,,,,,
,,,,,,,,
,,,,,,,,
,,,,,,,,
,,,,,,,,
,,,,,,,,
,,,,,,,,
,,,,,,,,
,,,,,,,,
,,,,,,,,
,,,,,,,,
,,,,,,,,
,,,,,,,,
,,,,,,,,
,,,,,,,,
