date,temperature,dewpoint,humidity,wind_speed,pressure
2017-06-15,30.897388059701484,22.531343283582107,61.53731343283582,2.9000885970149293,100785.97014925373
2017-06-16,31.012727272727258,23.607272727272736,65.85454545454546,3.2574314666666693,100690.42424242424
2017-06-17,31.71170212765957,24.369148936170216,65.5578947368421,3.8501320000000034,100369.89583333333
2017-06-18,30.508333333333308,23.90729166666669,68.4375,3.392847333333334,100324.16666666667
2017-06-19,30.228078817734005,24.5743842364532,72.85714285714286,2.7558701176470617,100494.11764705883
2017-06-20,29.11653543307085,24.86299212598423,79.04724409448819,2.001472,100576.33858267717
2017-06-21,29.37509881422928,24.785375494071147,77.46640316205534,2.5301050434782657,100545.49407114624
2017-06-22,28.942292490118575,24.67905138339921,78.62845849802372,2.394402782608694,100568.06324110672
2017-06-23,30.04463667820068,23.67543252595154,69.17301038062284,3.635719086505184,100471.90311418685
2017-06-24,29.301185770750983,23.738339920948626,72.60079051383399,3.320464695652177,100372.80632411067
2017-06-25,30.161264822134385,23.60395256916998,68.18577075098814,3.393263304347826,100414.90118577075
2017-06-26,30.362037037037027,23.350462962962983,66.47222222222223,3.6344765925925904,100509.95370370371
2017-06-27,30.424901185770743,24.074308300395263,69.15415019762845,3.011070608695654,100510.0
2017-06-28,29.63132530120483,24.21767068273094,74.18875502008032,2.3123996787148635,100548.83534136545
2017-06-29,29.04642857142856,25.190476190476186,80.44047619047619,1.7729038730158715,100541.11111111111
2017-06-30,28.562184873949587,24.94747899159664,81.26470588235294,2.00980168067227,100522.52100840336
2017-07-01,28.589944134078223,24.691061452513956,80.07262569832402,1.7821661675977647,100571.50837988827
2017-07-02,29.743157894736846,24.418947368421094,73.45263157894736,2.137321768421052,100507.36842105263
2017-07-03,28.81578947368421,24.037894736842134,76.08421052631579,2.662946694736841,100510.52631578948
2017-07-04,28.177611940298508,24.463184079601977,81.13432835820896,2.0361448756218894,100617.3631840796
2017-07-05,28.83266932270918,24.87689243027893,80.04780876494024,2.663182916334666,100671.79282868525
2017-07-06,29.167054263565888,24.002325581395358,74.74418604651163,2.507755782945741,100627.79069767441
2017-07-07,28.38884462151395,24.259760956175292,79.08366533864542,2.1263787091633533,100660.3984063745
2017-07-08,28.688188976377972,24.71889763779528,79.87007874015748,1.858032,100716.22047244094
2017-07-09,30.200400000000045,24.991200000000024,74.332,2.123261184000001,100751.76
2017-07-10,28.801195219123503,24.778486055776888,79.69721115537848,1.559296892430279,100695.05976095618
2017-07-11,29.358661417322832,24.48110236220471,75.44094488188976,2.2431200000000033,100561.53543307087
2017-07-12,27.523715415019748,24.416600790513833,83.59683794466403,1.7397453913043497,100654.98023715414
2017-07-13,28.64291338582677,24.67440944881889,79.97637795275591,2.484240000000003,100620.0
2017-07-14,29.19288537549406,24.155731225296467,74.52173913043478,2.4355728695652177,100544.38735177866
2017-07-15,29.585770750988186,23.379051383399197,69.81422924901186,3.2188646956521763,100480.86956521739
2017-07-16,29.66825396825396,23.594841269841268,70.22619047619048,4.274199111111104,100295.23809523809
2017-07-17,28.777952755905535,24.1318897637795,76.2992125984252,3.6556960000000016,100302.32283464567
2017-07-18,29.36574803149608,24.648031496063012,76.05905511811024,2.6081440000000047,100644.05511811023
2017-07-19,28.056746031746034,24.82579365079365,83.0436507936508,2.2775978412698485,100693.1746031746
2017-07-20,27.551778656126487,24.184189723320173,82.50197628458498,2.9536445217391285,100556.12648221344
2017-07-21,28.918253968253985,23.284523809523815,71.94444444444444,2.3317038730158766,100595.51587301587
2017-07-22,29.26679841897233,23.94071146245056,73.45849802371542,2.788257391304349,100677.47035573123
2017-07-23,29.735433070866158,23.62795275590551,70.80314960629921,3.612751999999999,100631.45669291339
2017-07-24,28.65823293172692,24.090763052208843,77.08032128514056,4.238441895582329,100522.61044176707
2017-07-25,29.453754940711462,24.075098814229236,73.20158102766798,4.7260786086956506,100278.97233201581
2017-07-26,28.213725490196083,23.563529411764687,76.11764705882354,5.3960357647058705,100209.45098039215
2017-07-27,29.029199999999992,23.623199999999997,73.156,4.589670271999991,100288.24
2017-07-28,28.576377952755898,24.209055118110243,77.86614173228347,3.1965119999999985,100481.88976377953
2017-07-29,29.572469635627545,24.56437246963562,74.7165991902834,2.204070089068827,100481.41700404858
2017-07-30,30.5566801619433,24.85668016194331,72.25101214574899,3.165658558704454,100375.78947368421
2017-07-31,30.794071146245074,24.74624505928853,70.6600790513834,3.6984166956521745,100436.16600790514
2017-08-01,30.71417322834643,24.760236220472443,71.23622047244095,3.342591999999999,100533.93700787402
2017-08-02,30.443200000000004,25.022799999999986,73.384,2.602488064000004,100487.44
2017-08-03,29.768897637795245,25.169685039370112,76.64566929133858,2.6922720000000036,100319.13385826771
2017-08-04,29.765748031496095,25.42204724409449,78.03937007874016,1.8476479999999986,100208.74015748031
2017-08-05,29.599200000000003,25.861600000000003,80.716,1.9490944000000017,100311.64
2017-08-06,29.03609958506224,24.863070539419088,78.45643153526972,1.6770492282157692,100567.59336099584
2017-08-07,28.932530120481957,25.129718875502014,80.46184738955823,1.7348383614457836,100715.10040160643
2017-08-08,29.334177215189857,25.519831223628714,80.59071729957806,1.5389870717299576,100734.2194092827
2017-08-09,30.00745098039217,24.95058823529412,75.41176470588235,2.549881098039222,100762.0
2017-08-10,30.901587301587302,24.333730158730155,69.0515873015873,2.8809244444444464,100672.61904761905
2017-08-11,30.5004,24.726000000000006,72.436,3.7091802879999975,100670.0
2017-08-12,30.85354330708663,23.928740157480306,67.44488188976378,3.275360000000003,100655.27559055119
2017-08-13,31.76934306569347,24.513503649635027,66.45620437956204,3.0067518832116815,100673.5401459854
2017-08-14,30.867361111111126,25.651736111111116,74.52777777777777,2.5223611111111115,100678.125
2017-08-15,29.937919463087248,26.01308724832216,79.97651006711409,2.139641449664434,100563.12080536912
2017-08-16,28.3488188976378,24.610236220472437,81.01574803149606,1.7922080000000014,100435.9842519685
2017-08-17,26.967058823529428,24.7419607843137,88.12156862745098,1.6019809882352947,100374.50980392157
2017-08-18,28.872950819672106,23.653278688524615,74.37704918032787,2.839620065573771,100521.22950819672
2017-08-19,29.18958333333333,23.653125000000003,72.72916666666667,2.9388223333333325,100422.8125
2017-08-20,28.75263157894737,24.665263157894735,78.71578947368421,2.3100203789473683,100344.94736842105
2017-08-21,30.161875000000048,24.490000000000006,72.0125,2.390267,100333.625
2017-08-22,30.27509727626461,24.235019455252907,70.50194552529183,3.744351377431905,100418.21011673151
2017-08-23,29.177470355731213,24.523715415019772,76.699604743083,3.6519457391304355,100410.0395256917
2017-08-24,29.044176706827308,24.538554216867468,77.285140562249,2.203063389558238,100445.62248995985
2017-08-25,29.70040160642569,24.85220883534139,75.64658634538152,2.466080899598398,100463.13253012048
2017-08-26,29.079282868525908,24.287250996015917,76.39043824701196,2.462994486055779,100313.58565737052
2017-08-27,27.71062992125984,24.196456692913383,82.17716535433071,2.7033600000000053,100323.46456692913
2017-08-28,27.40947368421052,24.067894736842103,82.8,3.202218105263161,100442.63157894737
2017-08-29,27.46548223350256,23.76751269035534,80.65482233502539,1.4579857868020296,100548.2233502538
2017-08-30,30.672081218274094,25.131472081218273,73.17766497461929,2.1344458071065993,100562.28426395939
2017-08-31,29.50820312500002,24.756640625000014,76.78515625,1.666970250000001,100686.9140625
2017-09-01,30.67839195979902,24.84522613065326,72.41708542713567,2.1974599396984944,100683.76884422111
2017-09-02,30.278723404255302,24.378723404255343,71.07446808510639,2.9628289361702116,100486.27659574468
2017-09-03,30.545263157894745,24.355789473684226,70.2,4.562160842105264,100431.05263157895
2017-09-04,31.607653061224507,24.867857142857126,68.14285714285714,3.4875962448979636,100494.79591836735
2017-09-05,29.860799999999998,25.735999999999997,79.22,1.8809655040000013,100584.64
2017-09-06,28.781818181818178,25.855335968379446,84.67193675889328,1.326984347826086,100630.43478260869
2017-09-07,29.18588235294116,25.577647058823548,81.44313725490196,1.811476203921569,100689.6862745098
2017-09-08,30.779921259842503,25.884251968503953,75.79527559055119,1.7131839999999996,100714.96062992126
2017-09-09,31.47882352941178,25.706274509803947,72.4078431372549,1.9036891607843138,100635.2156862745
2017-09-10,29.652400000000007,25.51759999999999,79.048,1.654942080000001,100722.88
2017-09-11,30.11976284584978,25.520158102766818,76.93280632411067,1.6430928695652176,100763.75494071146
2017-09-12,30.56111111111112,25.337698412698423,74.61111111111111,1.2414229841269828,100809.20634920635
2017-09-13,29.642063492063496,24.617857142857137,75.06746031746032,2.034032000000003,100723.92857142857
2017-09-14,31.273517786561275,24.84861660079051,69.72332015810277,3.040932173913048,100420.39525691699
2017-09-15,28.770512820512813,25.036538461538456,80.99358974358974,2.0452080000000015,100290.89743589744
2017-10-21,28.181481481481462,25.779629629629632,86.91666666666667,0.8622077037037036,100708.51851851853
2017-10-22,28.61048951048949,25.37307692307693,83.54195804195804,1.4968024615384627,100771.18881118881
2017-10-23,29.331944444444428,24.736458333333328,77.65625,2.206639111111114,100792.15277777778
2017-10-24,27.09407665505224,24.737630662020905,87.3588850174216,1.5489079303135895,101047.83972125435
2017-10-25,28.143881856540094,24.44345991561181,81.13080168776371,1.4846632236286932,101165.61181434599
2017-10-30,29.704575163398705,19.747058823529407,55.26143790849673,4.099035398692815,101042.87581699346
2017-10-31,28.120975609756098,19.91121951219511,61.47317073170732,2.320246634146344,101030.34146341463
2017-11-01,27.34453125000001,20.748437499999994,67.4453125,2.7000517500000045,101013.3203125
2017-11-02,28.941860465116264,21.180232558139526,63.47286821705426,2.3240881860465175,100784.92248062015
2017-11-03,29.24428044280444,19.69225092250923,57.51660516605166,2.4841237490774946,100780.44280442805
2017-11-04,28.576736111111074,17.276736111111102,50.97222222222222,2.69621,100807.74305555556
2017-11-05,25.7473309608541,17.371886120996436,60.67615658362989,4.0239963558718825,100865.83629893238
2017-11-06,25.28500000000002,19.661562500000024,71.18125,2.3174833000000037,100873.375
2017-11-07,27.473282442748097,21.525190839694677,70.57251908396947,2.308739786259547,100823.01526717558
2017-11-08,27.59959349593498,21.871544715447175,71.07317073170732,1.1908346016260152,100883.49593495936
2017-11-09,28.812955465587045,22.70971659919029,70.08502024291498,1.656762817813764,100793.11740890688
2017-11-10,29.5843373493976,23.9180722891566,72.14056224899599,1.775233542168677,100775.140562249
2017-11-11,27.3648,23.740400000000005,80.892,1.691599359999999,100832.56
2017-11-12,28.798000000000005,23.578399999999995,74.972,1.6241857279999985,100694.4
2017-11-13,28.162946428571427,24.670089285714287,81.80803571428571,1.6015607142857131,100654.86607142857
2017-11-14,28.992558139534875,24.886511627906962,79.13023255813954,1.2013940093023248,100701.3953488372
2017-11-15,29.462307692307675,24.291538461538483,74.74615384615385,1.4537396923076926,100806.19230769231
2017-11-16,28.428750000000015,25.016249999999996,82.075,1.6935365333333336,100853.33333333333
2017-11-17,29.47011952191234,25.53545816733068,79.89641434262948,0.9665681593625497,100777.25099601594
2017-11-18,30.671138211382157,25.66422764227642,75.6869918699187,0.7443397723577233,100656.05691056911
2017-11-19,29.527064220183497,25.698165137614687,80.44036697247707,1.5152195229357788,100672.43119266054
2017-11-20,26.773631840796053,24.25323383084582,86.71641791044776,1.1220481592039795,100783.38308457712
2017-11-21,28.071291866028712,24.48660287081341,81.47368421052632,2.5725120000000037,100752.91866028708
2017-11-22,28.86878306878306,24.367195767195774,77.71957671957672,1.5390948571428569,100769.62962962964
2017-11-23,29.04457142857142,23.18171428571429,71.04,2.7269440000000036,100809.02857142857
2017-11-24,28.353773584905664,21.54622641509431,66.95283018867924,2.532523773584909,101011.93396226416
2017-11-25,27.526799999999987,19.980399999999996,63.852,2.1588455680000056,101135.16
2017-11-26,28.04618473895584,20.16746987951808,62.714859437751,2.2145535742971925,101107.63052208835
2017-11-27,27.806854838709697,20.602016129032265,65.14516129032258,2.231955354838717,100935.8870967742
2017-11-28,27.711965811965833,21.714957264957256,70.2008547008547,2.5588263931623976,100895.2564102564
2017-11-29,29.274874371859287,22.420603015075386,67.1356783919598,2.295853668341711,100882.61306532663
2017-11-30,29.256249999999977,22.928645833333363,69.11458333333333,1.5809383333333324,100803.90625
2017-12-01,29.215609756097557,22.119999999999987,65.93170731707318,1.8029886439024378,100831.21951219512
2017-12-02,28.967195767195765,21.605291005291,64.88888888888889,1.3964678095238088,100898.78306878307
2017-12-03,29.326470588235306,21.726960784313714,64.15196078431373,1.2694621176470586,100858.72549019608
2017-12-04,29.832270916334615,22.112749003984057,63.50597609561753,2.191386517928289,100805.97609561753
2017-12-05,27.69999999999996,20.92663934426229,66.67213114754098,2.43435265573771,100905.08196721312
2017-12-06,28.38232931726909,21.27871485943775,65.66666666666667,2.046330088353414,100909.67871485944
2017-12-07,29.392916666666668,21.63708333333333,63.604166666666664,2.075010666666669,100936.54166666667
2017-12-08,30.05816326530612,22.487244897959183,64.45408163265306,1.9658355918367354,101045.45918367348
2017-12-09,27.860555555555553,19.769999999999996,61.63333333333333,2.914452444444448,101143.55555555556
2017-12-10,28.4555,20.16700000000001,61.43,1.3898473599999994,101146.4
2017-12-11,28.6238993710692,22.166666666666682,68.50314465408805,0.7973619119496858,101039.24528301887
2017-12-12,28.64562499999999,24.343750000000004,78.2875,0.8588756000000004,100966.5
2017-12-13,28.92636815920396,25.2134328358209,80.8905472636816,1.6424827860696514,100901.19402985074
2017-12-14,28.425291828793792,25.073929961089476,82.58754863813229,1.145953120622567,100905.71984435798
2017-12-15,29.29375000000001,24.733203125,77.50390625,0.7128192499999998,100941.0546875
2017-12-16,29.40557620817845,21.900371747211906,64.81412639405204,2.041261085501861,101116.61710037175
2017-12-17,26.17777777777778,17.469892473118275,58.89964157706093,3.56334141935484,101413.6559139785
2017-12-18,23.313978494623655,13.444086021505386,54.24014336917563,2.56367025089606,101550.89605734767
2017-12-19,21.37900763358779,9.892366412213747,48.5,2.1969797862595457,101656.106870229
2017-12-20,21.293680297397774,8.47026022304833,44.50185873605948,1.9154583791821573,101745.24163568774
2017-12-21,21.972556390977434,9.87744360902256,46.43984962406015,2.1236080601503766,101581.31578947368
2017-12-22,23.701872659176033,14.197752808988765,55.40074906367041,2.6700175580524377,101235.84269662922
2017-12-23,27.369888475836433,17.266542750929386,54.72862453531599,1.3647183940520433,100902.08178438662
2017-12-24,28.59209621993129,19.77319587628867,59.70103092783505,1.2000950103092787,100872.23367697594
2017-12-25,26.25472972972973,17.126689189189186,57.73986486486486,1.6505743783783777,100987.7027027027
2017-12-26,23.089632107023398,17.151170568561895,70.18060200668896,1.5628458595317738,101106.48829431437
2017-12-27,19.916236162361663,18.966789667896624,94.30996309963099,1.7424662435424405,101130.73800738007
2017-12-28,23.24771929824563,20.792631578947365,86.42105263157895,2.5627156210526323,101140.0
2017-12-29,25.026717557251906,21.537022900763365,81.65648854961832,3.23762748091603,101175.68702290076
2017-12-30,27.8551948051948,22.173051948051942,72.01623376623377,1.4749417142857133,101073.21428571429
2017-12-31,27.429605263157903,20.506578947368446,66.48355263157895,2.479013263157899,101055.13157894737
2018-01-01,26.666445182724246,19.740863787375424,66.15946843853821,1.67840499667774,101000.79734219269
2018-01-02,27.234843205574933,19.72787456445995,64.21951219512195,1.6901850313588842,100861.1149825784
2018-01-03,27.70645161290322,20.670609318996412,66.12186379928315,1.0262692473118271,100829.03225806452
2018-01-04,29.02380952380953,21.089010989010998,63.223443223443226,1.0650359560439544,100776.88644688645
2018-01-05,30.05432098765432,21.493415637860092,61.11934156378601,0.8013605925925922,100658.35390946502
2018-01-06,29.207600000000017,22.573200000000003,67.908,0.7639019519999996,100654.4
2018-01-07,28.183921568627433,24.172549019607857,79.34117647058824,1.8207676235294135,100818.90196078431
2018-01-08,27.635820895522375,24.214925373134328,82.42537313432835,0.8390340298507463,100888.20895522388
2018-01-09,29.906636155606435,24.60778032036616,73.7299771167048,1.2733990663615595,100968.7185354691
2018-01-10,27.214285714285715,24.458928571428583,84.92857142857143,1.022604,101025.35714285714
2018-01-11,24.58256880733944,19.45504587155964,73.42660550458716,1.480358605504587,101306.42201834862
2018-01-12,23.613419913419918,16.26580086580087,63.62337662337662,1.3238963809523807,101394.45887445887
2018-01-13,22.387096774193548,15.070967741935505,63.5,1.012329290322581,101386.82795698925
2018-01-14,24.14245283018868,16.537264150943397,63.5377358490566,0.8535933584905654,101242.7358490566
2018-01-15,25.346511627906974,18.05674418604652,64.72558139534884,0.28277879069767425,101025.3488372093
2018-01-16,27.186511627906977,19.34325581395347,63.06976744186046,0.19295493953488368,100864.0
2018-01-17,28.509047619047617,20.849047619047628,64.01428571428572,0.27588754285714273,100780.80952380953
2018-01-18,29.301195219123528,20.495617529880484,59.85657370517928,0.4561232828685262,100781.9920318725
2018-01-19,29.780400000000004,19.80039999999999,56.74,0.5750722559999999,100845.08
2018-01-20,29.460800000000003,20.1312,57.624,0.6129812479999996,100781.52
2018-01-21,29.552226720647777,21.360728744939262,61.94736842105263,0.1853315627530364,100701.7004048583
2018-01-22,29.64687499999999,23.00312499999999,68.60267857142857,0.517887857142857,100648.125
2018-01-23,29.434482758620685,24.056896551724154,73.59051724137932,0.6304805517241377,100633.4051724138
2018-01-24,27.933181818181833,24.382272727272728,81.35909090909091,0.7496047999999994,100573.45454545454
2018-01-25,28.356485355648566,24.661087866108797,80.84518828451883,0.8269304769874475,100585.14644351465
2018-01-26,28.704016064257033,24.645381526104416,79.22489959839358,0.9220873253012049,100618.83534136545
2018-01-27,28.497609561752995,24.302788844621514,78.64940239043824,1.0971180876494013,100715.21912350597
2018-01-28,28.71713147410359,24.28605577689244,77.68924302788845,0.9756514422310746,100726.37450199203
2018-01-29,28.95421686746988,25.20240963855421,80.8273092369478,1.1443505863453802,100809.67871485944
2018-01-30,28.689558232931727,25.290763052208863,82.18875502008032,1.4996486425702809,100807.18875502008
2018-01-31,27.310441767068287,24.85261044176708,86.72289156626506,1.9718234216867467,100930.52208835342
2018-02-01,27.562549800796823,23.115936254980085,77.35059760956176,3.2069331633466125,101014.02390438247
2018-02-02,26.608800000000038,20.59479999999997,69.96,1.8396590080000021,101105.64
2018-02-03,25.258565737051804,18.374900398406393,65.800796812749,1.6837912988047814,101276.05577689243
2018-02-04,25.365612648221354,16.864031620553366,59.83794466403162,0.9147533913043479,101290.9881422925
2018-02-05,25.7124,16.7336,58.092,1.0235427839999995,101424.56
2018-02-06,24.974524714828878,15.429277566539932,55.77946768060836,1.7898597718631186,101323.76425855514
2018-02-07,25.701503759398495,17.239473684210516,60.2406015037594,1.333221172932331,101142.81954887218
2018-02-08,26.684462151394424,21.639840637450202,74.9402390438247,1.4538595697211152,101029.00398406375
2018-02-09,27.239043824701184,22.459760956175305,76.10358565737052,1.7384690996015926,100967.29083665338
2018-02-10,28.055118110236222,22.831102362204735,74.36220472440945,1.1605439999999996,101066.02362204724
2018-02-11,27.603571428571456,23.863492063492032,80.47222222222223,0.553832888888889,101125.75396825396
2018-02-12,28.652988047808773,21.162151394422313,66.21115537848605,2.5178503904382508,101332.23107569721
2018-02-13,27.778400000000012,18.450000000000006,57.496,1.4493036800000005,101429.64
2018-02-14,28.950200803212866,19.366265060240945,57.30120481927711,0.46571155020080335,101330.96385542168
2018-02-15,29.142687747035577,22.245454545454525,68.02766798418972,1.344123826086956,101147.90513833992
2018-02-16,29.21314741035857,24.672111553784845,77.4621513944223,0.8440328924302786,100930.7171314741
2018-02-17,29.046428571428553,25.17658730158733,80.44444444444444,1.2871913650793636,100778.61111111111
2018-02-18,28.756126482213443,24.593280632411062,78.72727272727273,1.482123130434781,100854.34782608696
2018-02-19,28.640079365079384,24.81547619047618,80.30952380952381,1.24709968253968,100873.53174603175
2018-02-20,28.798809523809503,24.354365079365095,77.5952380952381,1.4713292698412683,100833.61111111111
2018-02-21,29.203543307086605,24.300393700787396,75.63779527559055,1.486495999999997,100715.15748031496
2018-02-22,28.911111111111115,24.793253968253975,78.86111111111111,1.7054930793650798,100745.79365079365
2018-02-23,27.5812,23.887200000000014,80.72,1.6088075520000003,100976.96
2018-02-24,27.91092436974787,24.282773109243706,81.47058823529412,0.6591022521008401,101121.3025210084
2018-02-25,28.515625000000004,24.053125000000023,77.4453125,0.47288450000000043,100961.484375
2018-02-26,28.85657370517932,23.759760956175285,74.87649402390439,0.9508950438247008,100881.55378486056
2018-02-27,27.103187250996022,23.51792828685261,81.35458167330677,1.3452163824701182,100923.10756972112
2018-02-28,28.67588932806324,23.53952569169961,74.73913043478261,1.0317259130434773,100818.8537549407
2018-03-01,29.4217898832685,24.93968871595329,77.65369649805447,1.1471707392996093,100715.40856031129
2018-03-02,29.643824701195253,25.039043824701213,76.99601593625498,1.4656144063744998,100679.8406374502
2018-03-03,29.68079999999999,25.1636,77.396,1.4659335679999972,100616.8
2018-03-04,29.976284584980235,25.23754940711465,76.41501976284584,1.2870511304347827,100708.18181818182
2018-03-05,30.18149606299215,25.58503937007876,77.31889763779527,1.430351999999998,100708.46456692913
2018-03-06,30.37579365079369,25.58730158730158,76.3015873015873,1.6758678095238082,100783.37301587302
2018-03-07,30.244488188976387,25.64527559055118,77.19685039370079,1.9710240000000003,100793.4251968504
2018-03-08,30.046825396825444,25.43968253968251,76.88888888888889,1.612359746031746,100801.3492063492
2018-03-09,25.777821011673158,22.19494163424126,81.00389105058366,1.5677710194552543,101012.29571984436
2018-03-10,26.30992063492066,19.85277777777777,68.46031746031746,1.0863781587301589,101120.75396825396
2018-03-11,28.57777777777778,20.02817460317459,60.83730158730159,0.41156063492063516,101048.37301587302
2018-03-12,29.254117647058816,22.996862745098042,69.5764705882353,0.8746206117647055,100982.70588235294
2018-03-13,29.698425196850405,24.5492125984252,74.98425196850394,1.4365119999999991,100899.33070866142
2018-03-14,29.577254901960774,24.955294117647057,76.78823529411764,2.078998964705884,100785.37254901961
2018-03-15,29.538645418326677,24.5972111553785,75.5019920318725,2.168054948207176,100794.86055776893
2018-03-16,29.5124,24.791999999999987,76.352,1.6808704000000008,100835.16
2018-03-17,29.847826086956516,24.527272727272717,74.01581027667984,1.2951791304347822,100842.68774703557
2018-03-18,29.90275590551183,24.93188976377952,75.52362204724409,1.5847039999999983,100916.96850393701
2018-03-19,30.287654320987667,25.181069958847715,75.06584362139918,1.6632463539094644,100822.34567901235
2018-03-20,30.678740157480306,25.5795275590551,75.1259842519685,1.3184159999999994,100715.90551181103
2018-03-21,30.079607843137243,25.480000000000004,76.89019607843137,2.277099043137258,100741.45098039215
2018-03-22,28.386046511627924,24.237209302325574,78.87209302325581,1.4944651162790696,100681.24031007753
2018-03-23,29.455642023346286,23.53618677042802,71.88326848249027,0.8380695408560306,100803.30739299611
2018-03-24,30.37181467181466,23.969884169884182,69.76833976833977,0.3203498996138999,100933.51351351352
2018-03-25,29.996887159533077,24.888715953307404,74.50583657587549,0.8300680466926067,101057.1206225681
2018-03-26,30.594117647058816,24.620392156862763,71.51764705882353,1.491535811764705,101005.60784313726
2018-03-27,28.479377431906634,24.7089494163424,80.49027237354086,1.8312984902723743,100906.8093385214
2018-03-28,29.81789883268483,25.582879377431905,78.56031128404669,1.9781085136186796,100772.4513618677
2018-03-29,29.793050193050206,25.511969111969126,78.29343629343629,2.113860571428574,100753.51351351352
2018-03-30,30.43294117647055,26.075686274509792,78.10196078431373,2.211007247058827,100733.72549019608
2018-03-31,29.885992217898835,25.713618677042817,78.7704280155642,1.724843828793774,100752.49027237354
2018-04-01,27.731007751937987,24.899224806201566,84.78294573643412,1.2186171782945734,100819.14728682171
2018-04-02,28.423735408560283,24.964202334630365,82.10894941634241,1.581860607003892,100831.5953307393
2018-04-03,28.80161943319838,24.381781376518227,77.95141700404858,1.228002591093116,100784.45344129554
2018-04-04,29.58171206225681,25.725291828793775,80.26459143968872,1.913574723735409,100655.2140077821
2018-04-05,29.991860465116304,25.257751937984487,76.48062015503876,1.9357871627906977,100627.0542635659
2018-04-06,29.90703125,24.36757812499999,73.21875,1.2826206249999998,100666.2109375
2018-04-07,25.383137254901957,21.679607843137266,80.37647058823529,2.9492368313725508,101097.41176470589
2018-04-08,25.728957528957523,18.006563706563703,62.86872586872587,2.518440401544406,101253.39768339768
2018-04-09,28.787109375000004,19.648437500000018,59.20703125,1.8601055000000002,101016.09375
2018-04-10,31.030260521042074,22.050901803607253,60.186372745490985,1.4626002084168377,100827.9759519038
2018-04-11,30.284848484848478,25.313774104683166,75.31129476584022,1.9124198787878801,100762.80991735538
2018-04-12,30.831724137931026,25.50379310344829,74.27931034482759,2.3471141517241407,100672.10344827586
2018-04-13,31.14888888888889,25.973333333333326,74.83703703703704,2.187019022222224,100708.22222222222
2018-04-14,31.1390625,26.26093750000001,76.3046875,2.201497375000003,100626.640625
2018-04-15,31.30275590551183,26.318897637795285,75.39763779527559,2.2677600000000036,100628.77952755906
2018-04-16,31.440944881889756,25.891338582677164,73.27165354330708,2.071696,100753.26771653544
2018-04-17,26.997619047619057,24.43730158730156,86.21031746031746,2.17222412698413,100998.21428571429
2018-04-18,28.52529644268774,23.66205533596836,76.11857707509881,1.3824667826086956,100921.97628458498
2018-04-19,30.446666666666662,25.17411764705882,74.08235294117647,1.9336671372549052,100729.01960784313
2018-04-20,30.647035573122547,26.073122529644277,77.12648221343873,1.987649391304349,100693.12252964427
2018-04-21,30.95889328063239,25.874308300395256,75.0197628458498,2.030409739130435,100677.94466403162
2018-04-22,31.188446215139447,25.557370517928288,72.97609561752988,2.549909035856577,100670.99601593625
2018-04-23,31.92122302158274,25.702517985611514,70.88489208633094,2.221692316546769,100527.62589928058
2018-04-24,31.47617187500001,26.50625000000002,75.5859375,2.294921750000006,100561.3671875
2018-04-25,31.14514767932487,25.935021097046395,74.72573839662448,2.245008472573842,100585.44303797468
2018-04-26,30.097665369649818,25.693385214007783,77.5408560311284,2.8074807782101208,100681.51750972762
2018-04-27,28.559689922480626,23.88914728682172,76.6937984496124,2.094157147286826,100864.49612403101
2018-04-28,24.756078431372547,23.550196078431345,93.09019607843138,1.366364611764704,100979.80392156863
2018-04-29,27.057812499999994,24.039843750000014,84.16015625,1.4039849999999994,100856.6796875
2018-04-30,26.229961089494164,24.67665369649807,91.26459143968872,1.7523272217898822,100845.40856031129
2018-05-01,27.212204724409446,24.566535433070865,86.22047244094489,1.7200480000000018,100894.88188976378
2018-05-02,29.0388888888889,24.87261904761906,79.21428571428571,1.694317079365081,100881.70634920635
2018-05-03,28.94124513618678,24.799610894941633,78.78210116731518,1.6884892140077818,100917.04280155642
2018-05-04,29.72529182879377,24.492607003891052,74.26459143968872,1.8358210739299634,100847.19844357976
2018-05-05,29.877906976744182,25.25426356589149,76.93798449612403,1.496717643410851,100934.06976744186
2018-05-06,30.044140625,26.038281249999986,79.70703125,1.7406619999999988,100886.4453125
2018-05-07,29.757254901960774,25.861176470588248,80.31764705882352,1.95014625882353,100722.58823529411
2018-05-08,31.014901960784307,26.278823529411746,76.8156862745098,1.7560783058823521,100588.54901960785
2018-05-09,30.864173228346477,26.793307086614195,79.2992125984252,2.0359680000000004,100673.4251968504
2018-05-10,31.16141732283466,26.48740157480314,76.79527559055119,2.389200000000004,100762.24409448818
2018-05-11,28.125390624999987,24.267968750000005,79.71875,1.157239875,100802.3046875
2018-05-12,29.884738955823313,24.968674698795173,75.94779116465864,1.4427363212851412,100755.6626506024
2018-05-13,30.4896,25.137999999999987,73.56,1.2790708479999973,100748.12
2018-05-14,29.279518072289147,24.402409638554214,75.59839357429719,2.061231421686747,100763.05220883535
2018-05-15,29.560159362549822,25.29123505976093,78.20717131474103,1.6731050836653376,100604.54183266932
2018-05-16,31.69718875502008,25.269477911646593,70.35341365461848,1.9136543614457842,100534.01606425703
2018-05-17,31.67160000000001,25.878400000000003,72.372,2.5599298560000037,100528.28
2018-05-18,30.281600000000008,25.9484,77.972,1.9560682240000005,100513.44
2018-05-19,29.976494023904372,24.95298804780876,75.20717131474103,1.37424726693227,100495.49800796813
2018-05-20,31.15279999999999,25.688,73.292,1.2112995839999994,100497.68
2018-05-21,29.70967741935486,25.76895161290322,79.57661290322581,1.111831741935484,100548.50806451614
2018-05-22,27.847794117647066,25.09374999999999,85.15808823529412,1.3933842352941186,100693.49264705883
2018-05-23,29.0209923664122,24.84923664122137,78.97328244274809,1.9360927022900762,100664.88549618321
2018-05-24,28.176305220883563,24.26987951807228,79.79116465863454,1.9536904738955834,100698.27309236948
2018-05-25,29.316334661354585,25.12749003984064,78.75298804780877,2.194592382470119,100613.34661354581
2018-05-26,28.969658119658096,25.479059829059846,81.96153846153847,1.5281508376068373,100681.41025641025
2018-05-27,29.432128514056224,25.028112449799202,78.44979919678715,1.8802610120481948,100708.67469879518
2018-05-28,29.985600000000016,25.474799999999973,77.392,1.237406719999998,100705.28
2018-05-29,29.34899598393574,25.486746987951825,80.03614457831326,2.547589397590364,100724.49799196787
2018-05-30,29.838399999999986,25.80560000000003,79.444,2.7526935040000033,100686.96
2018-05-31,29.146643109540623,25.398233215547716,80.57597173144876,1.5369961837455839,100750.0706713781
2018-06-01,29.87231833910036,24.8107266435986,74.67474048442907,1.7081877923875464,100739.34256055363
2018-06-02,30.111458333333328,24.54618055555555,73.10416666666667,2.0515721111111147,100632.25694444444
2018-06-03,30.678124999999984,24.738194444444453,71.42013888888889,2.0762524444444495,100448.22916666667
2018-06-04,30.76332179930796,24.402076124567476,69.4083044982699,1.5850584359861597,100406.26297577855
2018-06-05,30.567128027681687,24.64567474048443,70.98615916955018,1.5680430726643586,100535.81314878893
2018-06-06,29.474216027874558,24.682229965156786,76.07665505226481,2.0126145783972142,100638.50174216028
2018-06-07,29.526388888888864,24.540625,74.88541666666667,3.2234998888888877,100563.02083333333
2018-06-08,28.761805555555547,24.001388888888854,75.68402777777777,3.4797717777777764,100492.36111111111
2018-06-09,28.49513888888889,24.850347222222226,80.80555555555556,1.5927352222222217,100463.85416666667
2018-06-10,29.202083333333356,25.730208333333305,82.08680555555556,1.3820986666666641,100541.14583333333
2018-06-11,30.185069444444448,25.685069444444437,77.05208333333333,2.775373333333334,100569.51388888889
2018-06-12,30.584027777777788,25.21597222222223,73.42708333333333,2.554492111111114,100650.59027777778
2018-06-13,30.823674911660767,25.163250883392237,72.18021201413427,3.057564042402829,100551.13074204947
2018-06-14,30.542708333333312,25.077777777777776,73.06597222222223,3.071226888888891,100490.13888888889
2018-06-15,29.561458333333324,25.271875000000023,78.35416666666667,2.5445578888888916,100437.95138888889
2018-06-16,29.467013888888875,25.216319444444487,78.12152777777777,2.50683888888889,100307.63888888889
2018-06-17,29.890972222222192,23.518055555555563,69.14930555555556,5.006227111111101,100181.07638888889
2018-06-18,29.58395904436859,24.332081911262808,74.11262798634812,2.8589199726962478,100157.03071672354
2018-06-19,30.282685512367454,24.87915194346288,73.4452296819788,2.1382096961130768,100333.18021201414
2018-06-22,30.77118055555558,24.785069444444456,70.96180555555556,2.034497666666669,100653.92361111111
2018-06-23,30.76666666666667,24.409375,69.46875,2.4253472222222254,100571.59722222222
2018-06-24,30.38222996515679,24.43379790940768,70.88153310104529,2.2915862299651564,100546.55052264809
2018-06-25,29.71076388888891,23.651388888888896,70.27777777777777,2.498456888888892,100531.59722222222
2018-06-26,28.91654676258992,24.64064748201441,78.2158273381295,1.3895225323741005,100593.56115107914
2018-06-27,27.59791666666668,25.24930555555555,87.18402777777777,0.825471777777777,100686.94444444444
2018-06-28,28.55555555555556,24.47326388888892,79.60069444444444,0.499349888888889,100706.28472222222
2018-06-29,29.406597222222175,24.295486111111114,74.52777777777777,0.8234538888888887,100561.77083333333
2018-06-30,29.628472222222214,24.932638888888903,76.90972222222223,2.18257966666667,100502.84722222222
2018-07-01,29.50381944444443,24.985763888888883,77.88888888888889,2.0057815555555574,100552.8125
2018-07-02,28.875694444444473,24.823611111111134,79.55902777777777,2.750382555555557,100566.90972222222
2018-07-03,29.32777777777777,24.140277777777804,73.94097222222223,2.8168176666666698,100518.92361111111
2018-07-04,29.424305555555538,23.95659722222222,72.71180555555556,3.035215333333337,100498.71527777778
2018-07-05,29.796180555555534,23.940277777777762,71.08333333333333,3.437551333333331,100364.93055555556
2018-07-06,29.000694444444434,23.934374999999978,74.71875,3.615125555555555,100321.90972222222
2018-07-07,29.56250000000004,23.5982638888889,70.86111111111111,3.8273143333333244,100365.69444444444
2018-07-08,30.163888888888923,23.955902777777784,69.75,3.434757333333336,100305.24305555556
2018-07-09,28.999652777777783,24.15902777777775,75.84375,2.5060627777777817,100376.28472222222
2018-07-10,28.99826388888889,24.428472222222226,77.21875,3.3853966666666637,100429.79166666667
2018-07-11,28.82222222222222,23.522569444444443,73.25,4.2184743333333214,100388.61111111111
2018-07-12,29.089583333333323,23.63125,72.69791666666667,3.6606056666666635,100296.77083333333
2018-07-13,29.475609756097555,23.89198606271778,72.22648083623693,4.0761636794425025,100247.83972125435
2018-07-14,29.26006944444445,24.177430555555535,74.45138888888889,2.845999444444449,100290.90277777778
2018-07-15,29.330208333333328,24.19722222222223,74.40972222222223,3.563281333333333,100403.26388888889
2018-07-16,28.828819444444417,24.27708333333334,76.63541666666667,3.546051666666663,100384.34027777778
2018-07-17,27.48125,24.92152777777776,86.08333333333333,2.730514111111112,100150.3125
2018-07-18,28.662847222222233,24.102777777777764,76.67361111111111,4.508429444444433,100024.23611111111
2018-07-19,28.789930555555557,24.601736111111123,78.35069444444444,1.7541663333333335,100237.11805555556
2018-07-20,29.81423611111107,25.779166666666647,79.23611111111111,1.6245557777777773,100401.77083333333
2018-07-21,30.42578397212545,25.283972125435554,74.29616724738676,3.0020215749128916,100486.79442508711
2018-07-22,29.471527777777787,24.961458333333326,77.10416666666667,2.8973780000000016,100490.69444444444
2018-07-23,29.65763888888892,25.02083333333335,76.54861111111111,2.8019163333333363,100428.88888888889
2018-07-24,29.759027777777778,24.05416666666669,71.78819444444444,3.282949999999999,100492.25694444444
2018-07-25,29.814930555555552,25.03923611111112,75.77430555555556,2.7696301111111126,100516.11111111111
2018-07-26,29.678472222222247,24.905902777777758,75.77430555555556,2.4352814444444486,100527.56944444444
2018-07-27,30.15226480836238,24.99407665505228,74.32404181184668,3.146258174216026,100461.42857142857
2018-07-28,29.979166666666647,25.061458333333306,75.21180555555556,2.705212888888891,100456.11111111111
2018-07-29,29.12777777777777,24.932291666666636,78.60763888888889,2.126699666666676,100425.41666666667
2018-07-30,27.881597222222233,24.521875,82.30555555555556,1.834571444444445,100509.375
2018-07-31,29.0861111111111,23.567361111111097,72.68402777777777,2.173887222222225,100630.17361111111
2018-08-01,29.392013888888876,23.596180555555556,71.36805555555556,3.2056493333333345,100607.43055555556
2018-08-02,29.531249999999993,23.00381944444444,68.26041666666667,3.95040555555555,100651.45833333333
2018-08-03,29.44965277777777,23.254513888888898,69.58680555555556,3.646325222222219,100534.34027777778
2018-08-04,29.698958333333362,24.184027777777768,72.44444444444444,2.8337368888888914,100444.86111111111
2018-08-05,29.06562500000005,24.583333333333357,76.96180555555556,2.7710271111111133,100472.53472222222
2018-08-06,28.06493055555554,24.67638888888886,82.15277777777777,1.5160554444444443,100460.27777777778
2018-08-07,28.46215277777781,25.447222222222216,84.17361111111111,0.7484815555555553,100349.75694444444
2018-08-08,28.89548611111111,24.05034722222222,75.94444444444444,3.201147888888887,100373.99305555556
2018-08-09,29.145138888888887,22.81041666666668,69.04861111111111,4.539629111111106,100414.6875
2018-08-10,29.069444444444464,23.326736111111092,71.35069444444444,2.76947488888889,100452.88194444444
2018-08-11,28.54270833333335,24.09097222222221,77.06944444444444,2.6876727777777827,100422.22222222222
2018-08-12,28.99895833333334,23.68506944444445,73.42013888888889,3.3677013333333377,100352.46527777778
2018-08-13,29.359233449477365,25.238327526132398,78.74564459930313,2.230838634146347,100398.4668989547
2018-08-14,29.39409722222223,24.95381944444445,77.37847222222223,3.200371777777777,100423.125
2018-08-15,28.531597222222217,24.971874999999983,81.56944444444444,2.818680333333336,100573.05555555556
2018-08-16,29.00487804878048,24.303484320557487,76.2787456445993,2.7786573379790966,100401.74216027875
2018-08-17,29.04878048780486,24.44634146341461,76.44947735191637,2.9579406271777002,100054.25087108013
2018-08-18,28.660069444444446,24.901041666666643,80.57291666666667,1.2035931111111098,100113.02083333333
2018-08-19,28.63958333333339,25.151041666666615,81.63194444444444,1.9779967777777823,100363.75
2018-08-20,29.361111111111086,25.832986111111133,81.61111111111111,1.9075258888888962,100562.25694444444
2018-08-21,29.518815331010472,25.693379790940792,80.38675958188153,2.00171116376307,100442.61324041811
2018-08-22,29.313541666666683,24.786458333333353,77.11805555555556,2.7371886666666745,100352.04861111111
2018-08-23,29.23993055555557,24.943749999999994,78.36111111111111,2.109470000000006,100430.27777777778
2018-08-24,28.386805555555583,24.709374999999984,81.16666666666667,1.7965420000000007,100540.3125
2018-08-25,27.18576388888893,24.844791666666673,87.45138888888889,1.3873762222222228,100567.43055555556
2018-08-26,27.07465277777776,24.633680555555554,86.82638888888889,1.450706888888889,100475.17361111111
2018-08-27,26.47743055555555,24.277083333333348,88.26041666666667,1.7696885555555575,100576.04166666667
2018-08-28,27.40416666666666,23.880208333333318,81.93055555555556,2.1940661111111113,100713.71527777778
2018-08-29,28.66701388888892,23.928124999999998,75.97916666666667,2.240943222222226,100628.29861111111
2018-08-30,28.65138888888887,23.86215277777778,75.60069444444444,2.4123085555555597,100486.21527777778
2018-08-31,27.764236111111106,24.16631944444445,81.48263888888889,1.550670000000002,100650.10416666667
2018-09-01,28.566666666666677,24.7902777777778,81.10763888888889,1.4864080000000008,100829.0625
2018-09-02,29.94444444444445,24.43368055555556,73.07986111111111,3.190903222222223,100634.79166666667
2018-09-03,28.651736111111095,24.436458333333366,78.93402777777777,2.637070333333338,100569.375
2018-09-04,27.531944444444438,24.04409722222222,82.21180555555556,1.619433444444445,100701.11111111111
2018-09-05,27.274305555555546,23.63993055555558,81.43055555555556,2.4529767777777836,100736.84027777778
2018-09-06,28.71527777777779,23.554513888888867,75.16666666666667,3.172897444444443,100580.65972222222
2018-09-07,30.265277777777783,24.520833333333357,72.53472222222223,3.4467094444444433,100460.72916666667
2018-09-08,28.94305555555554,24.257291666666664,76.04861111111111,1.3482602222222222,100484.47916666667
2018-09-09,27.88506944444445,24.824305555555554,83.69097222222223,0.347853,100711.07638888889
2018-09-10,28.190277777777798,25.23784722222221,84.35763888888889,0.29150733333333334,100921.28472222222
2018-09-11,29.548611111111118,24.801736111111115,76.73958333333333,2.038223000000007,100810.90277777778
2018-09-12,28.666783216783234,24.918181818181786,80.65034965034965,1.256870153846153,100629.93006993007
2018-09-13,28.165277777777774,24.141319444444456,80.04513888888889,1.8351923333333364,100524.34027777778
2018-09-14,26.740972222222197,24.231944444444437,86.60763888888889,2.941771555555556,100521.94444444444
2018-09-15,27.54216027874564,24.96062717770034,86.58536585365853,1.9160414773519192,100419.23344947735
2018-09-16,27.52604166666666,25.136111111111163,87.31944444444444,1.128310333333332,100235.83333333333
2018-09-17,29.261111111111102,24.136805555555537,74.40625,2.476415333333337,100266.59722222222
2018-09-18,29.260069444444444,24.065277777777766,74.17708333333333,2.416033888888892,100552.32638888889
2018-09-19,27.804861111111098,24.391666666666694,82.01388888888889,1.652651,100791.38888888889
2018-09-20,28.517708333333328,24.75833333333333,80.89236111111111,1.6728298888888915,100794.20138888889
2018-09-21,30.20937500000001,25.13368055555553,75.04166666666667,1.7060474444444451,100789.82638888889
2018-09-22,29.69791666666663,24.869791666666675,76.39583333333333,2.287354666666669,100908.99305555556
2018-09-23,28.282986111111093,24.72291666666666,82.13888888888889,1.7273128888888891,100973.40277777778
2018-09-24,27.25972222222225,25.148611111111048,88.42708333333333,1.1210148888888876,100936.25
2018-09-25,29.16562499999999,25.335069444444443,80.84027777777777,1.7684467777777784,100778.64583333333
2018-09-26,29.948958333333312,24.667708333333312,73.92013888888889,2.330196000000005,100672.32638888889
2018-09-27,30.406250000000025,25.49548611111111,75.72569444444444,2.425968111111118,100623.33333333333
2018-09-28,30.397569444444443,25.620138888888896,76.3125,1.6911461111111106,100609.40972222222
2018-09-29,29.977083333333333,25.94236111111112,79.58680555555556,2.1274757777777804,100609.58333333333
2018-09-30,29.13125000000001,24.48472222222224,77.42013888888889,1.6698806666666672,100670.72916666667
2018-10-01,28.223958333333318,24.953819444444456,83.08333333333333,1.8431086666666685,100786.28472222222
2018-10-02,27.0579861111111,24.730902777777757,87.26736111111111,1.6321616666666665,100879.20138888889
2018-10-03,29.250347222222203,24.61215277777774,77.38194444444444,1.5724011111111118,100858.95833333333
2018-10-04,29.830555555555534,23.60104166666667,70.98958333333333,2.338888444444448,100845.0
2018-10-05,27.37083333333334,24.283333333333317,84.20486111111111,2.369777666666672,100915.3125
2018-10-06,27.838194444444433,24.826041666666665,84.51736111111111,1.414695333333332,100911.66666666667
2018-10-07,28.54965277777778,25.185069444444448,82.95138888888889,1.336773777777778,100897.84722222222
2018-10-08,28.67847222222224,25.04305555555554,81.28819444444444,1.1500414444444447,100860.0
2018-10-09,28.089583333333323,24.299305555555563,80.46527777777777,1.2319987777777763,100824.96527777778
2018-10-10,30.132638888888874,24.39756944444447,71.96527777777777,1.2021961111111106,100846.5625
2018-10-11,30.472916666666663,24.315277777777776,70.63194444444444,1.579075666666668,100961.59722222222
2018-10-12,30.566319444444446,23.679513888888874,67.20138888888889,1.8612696666666675,101061.80555555556
2018-10-13,27.812847222222203,24.724652777777784,83.72916666666667,1.105027,101079.82638888889
2018-10-14,30.117708333333358,25.31006944444444,76.37152777777777,0.9176737777777775,100959.23611111111
2018-10-15,29.91118881118878,25.36503496503496,77.5944055944056,0.825773538461538,100972.76223776223
2018-10-16,30.48706293706299,25.737412587412585,76.2937062937063,1.2431150769230743,100934.09090909091
2018-10-17,30.201736111111092,25.333333333333318,75.65625,0.9370765555555545,100824.51388888889
2018-10-18,30.347163120567373,25.163475177304957,74.64539007092199,1.2112881702127662,100758.6170212766
2018-10-19,29.896527777777735,24.99583333333334,75.41319444444444,0.6792524444444444,100820.83333333333
2018-10-20,27.31041666666669,24.654861111111096,85.79861111111111,1.3242007777777791,100895.13888888889
2018-10-21,26.90173611111111,24.9322916666667,89.13888888888889,2.4906957777777787,100976.97916666667
2018-10-22,28.845833333333335,25.290972222222216,81.84722222222223,1.4258713333333333,100983.61111111111
2018-10-23,28.02986111111111,25.331250000000004,85.56597222222223,0.9187603333333326,100979.30555555556
2018-10-24,28.226388888888863,24.798958333333303,82.43402777777777,1.4673156666666642,101025.06944444444
2018-10-25,28.77708333333333,25.334375000000016,82.16666666666667,1.3923433333333313,101049.75694444444
2018-10-26,29.634374999999984,25.072222222222237,77.73611111111111,2.1645738888888926,101095.38194444444
2018-10-27,30.12118055555556,24.28229166666667,72.28819444444444,1.7094623333333352,101068.50694444444
2018-10-28,30.59687500000003,23.739236111111083,67.47569444444444,1.0421619999999985,101032.22222222222
2018-10-29,31.10833333333334,24.033680555555566,66.79166666666667,0.5764953333333335,100931.25
2018-10-30,30.507392996108948,21.843579766536966,60.42023346303502,2.0732567159533075,100911.43968871595
2018-10-31,29.196842105263137,17.32263157894737,49.54736842105263,1.6629887999999982,101028.57894736843
2018-11-01,28.577127659574472,16.8531914893617,50.159574468085104,2.7540517446808543,101013.40425531915
2018-11-02,28.90370370370369,17.29523809523809,50.2962962962963,1.561328592592592,101050.37037037036
2018-11-03,29.107772020725385,18.63886010362695,54.067357512953365,0.8970911502590676,101113.57512953368
2018-11-04,29.978172588832482,20.8502538071066,59.03045685279188,0.6680638375634519,101003.14720812182
2018-11-05,30.858333333333317,22.034444444444453,60.1,0.961881066666667,100874.05555555556
2018-11-06,30.63560209424083,22.08429319371728,61.089005235602095,0.6815604607329844,100886.33507853403
2018-11-07,30.278095238095254,23.05285714285715,65.68571428571428,2.30523626666667,100915.14285714286
2018-11-08,29.968902439024394,23.584756097560977,68.79878048780488,2.9433767804878097,100815.18292682926
2018-11-09,27.63719512195122,24.14512195121952,81.64634146341463,2.0127703414634124,100832.74390243902
2018-11-10,27.93439490445863,24.63375796178342,82.828025477707,1.5449930191082801,100947.83439490446
2018-11-11,29.472571428571438,24.350857142857144,75.21714285714286,0.891014582857143,100938.5142857143
2018-11-12,30.16893939393938,23.987121212121213,70.88636363636364,0.3630506666666667,100825.15151515152
2018-11-14,30.28510638297872,25.184397163120547,74.85460992907801,1.7127021843971644,100723.54609929078
2018-11-15,30.392907801418442,25.756737588652488,76.65602836879432,1.474122326241135,100838.26241134752
2018-11-16,30.296140350877128,26.08315789473686,78.50526315789473,2.059364266666671,100902.24561403508
2018-11-17,29.56478873239436,25.563732394366216,79.49647887323944,1.1470353802816895,100915.91549295775
2018-11-18,29.138888888888914,24.81562500000002,77.88194444444444,1.0392127777777773,100996.49305555556
2018-11-20,29.595486111111136,24.65624999999997,75.48958333333333,1.6065499999999986,101042.1875
2018-11-21,30.89618055555554,24.388194444444473,69.9375,1.6060843333333343,100971.14583333333
2018-11-22,30.98541666666667,24.75868055555553,70.5,1.537786555555557,100993.19444444444
2018-11-23,30.217708333333324,23.300694444444463,67.09027777777777,1.3488811111111105,101126.42361111111
2018-11-24,30.01493055555555,21.964583333333305,62.5625,0.8967187777777779,101084.58333333333
2018-11-25,30.165277777777778,21.08576388888888,59.25347222222222,0.9487182222222208,101007.32638888889
2018-11-26,29.518750000000004,19.84652777777778,56.55902777777778,1.2978129999999992,101007.08333333333
2018-11-27,27.73020833333335,20.120833333333326,63.8125,2.228991111111112,101176.04166666667
2018-11-28,26.550347222222197,20.887847222222224,71.27777777777777,2.4438186666666706,101250.79861111111
2018-11-29,28.648263888888906,22.095138888888894,68.51041666666667,1.7089966666666652,101261.52777777778
2018-11-30,29.44320557491288,22.960278745644587,68.66550522648083,1.258721337979092,101167.6306620209
2018-12-01,30.313888888888876,23.67465277777778,68.41319444444444,0.5612835555555551,100981.07638888889
2018-12-02,31.03055555555555,23.795138888888875,66.30902777777777,0.5192183333333334,100861.63194444444
2018-12-03,31.40173611111107,23.784722222222218,64.90625,0.8245404444444442,100880.38194444444
2018-12-04,31.835416666666656,23.6423611111111,62.638888888888886,1.1478683333333317,100895.86805555556
2018-12-05,31.65590277777777,23.90034722222222,64.07638888888889,1.3361528888888863,100780.10416666667
2018-12-06,31.21840277777777,23.57777777777775,64.98263888888889,0.7675738888888882,100751.80555555556
2018-12-07,31.311805555555548,23.6670138888889,64.23958333333333,1.1598204444444464,100800.69444444444
2018-12-08,26.0690972222222,23.626041666666673,86.91666666666667,2.7024188888888894,101032.11805555556
2018-12-09,27.43715277777779,23.980902777777786,82.03819444444444,1.818273111111111,101008.15972222222
2018-12-10,27.903125000000003,22.714930555555583,73.77083333333333,1.6316960000000003,100975.27777777778
2018-12-11,29.293055555555547,23.22152777777778,70.15972222222223,1.7162921111111114,100973.05555555556
2018-12-12,28.160278745644614,23.18675958188153,74.59581881533101,2.4942339790940813,101107.70034843206
2018-12-13,27.55034722222221,20.625000000000014,66.24652777777777,2.0858762222222254,101263.125
2018-12-14,27.240624999999998,20.139236111111124,65.52083333333333,1.2914488888888878,101288.99305555556
2018-12-15,27.51006944444445,20.030902777777776,63.954861111111114,1.8629771111111166,101287.11805555556
2018-12-16,29.033333333333346,20.844791666666683,61.513888888888886,1.7248293333333349,101277.5
2018-12-17,28.38576388888889,20.657638888888915,63.145833333333336,1.8213775555555587,101271.11111111111
2018-12-18,28.42048611111111,20.596874999999986,62.986111111111114,2.7893433333333344,101215.13888888889
2018-12-19,29.35104166666666,20.978125,61.40625,1.9238242222222235,101210.9375
2018-12-20,30.073611111111102,22.953819444444434,66.33333333333333,1.2591626666666653,101088.68055555556
2018-12-21,30.33993055555556,23.63402777777779,68.25347222222223,1.2889653333333337,100925.06944444444
2018-12-22,31.040277777777767,24.176041666666645,67.73263888888889,1.5796965555555564,100891.04166666667
2018-12-23,30.769791666666663,22.921874999999986,63.388888888888886,2.6831713333333362,100879.6875
2018-12-24,30.10208333333335,21.788194444444475,61.78819444444444,2.3207274444444477,100902.56944444444
2018-12-25,29.617708333333326,20.74930555555555,60.39930555555556,1.9463314444444508,100852.56944444444
2018-12-26,29.107986111111117,19.671180555555566,57.864583333333336,2.180251333333339,100788.68055555556
2018-12-27,29.061805555555534,19.24340277777779,56.552083333333336,2.030927555555561,100721.875
2018-12-28,29.468402777777733,21.08437500000001,61.11805555555556,2.056073555555558,100755.90277777778
2018-12-29,27.25798611111112,23.30902777777777,79.77777777777777,2.631482333333337,101066.00694444444
2018-12-30,26.215972222222216,22.104861111111106,78.66319444444444,2.506994111111113,101280.17361111111
2018-12-31,26.339930555555544,19.968402777777754,68.75,1.241622555555556,101417.98611111111
2019-01-01,26.040277777777785,18.01319444444444,61.63194444444444,0.9952848888888884,101466.94444444444
2019-01-02,26.255555555555574,17.735416666666666,59.87152777777778,0.8229882222222225,101403.19444444444
2019-01-03,25.36319444444444,17.838888888888885,63.197916666666664,1.226566,101414.75694444444
2019-01-04,26.281597222222207,19.130902777777788,64.88194444444444,0.873280222222222,101284.09722222222
2019-01-05,26.43194444444447,20.566666666666663,70.32638888888889,0.4470400000000002,101204.61805555556
2019-01-06,27.541666666666682,22.799305555555563,76.37152777777777,0.3203786666666668,101201.59722222222
2019-01-07,28.609374999999993,23.37777777777778,73.86111111111111,0.6461901111111107,101085.3125
2019-01-09,27.951736111111103,24.496875000000006,81.86805555555556,0.3700497777777779,101140.13888888889
2019-01-10,28.827777777777783,24.067708333333325,76.57638888888889,0.5642327777777774,101086.97916666667
2019-01-11,29.379861111111104,23.45972222222222,71.36805555555556,0.2682240000000002,101070.625
2019-01-12,30.399652777777785,23.259374999999988,67.37847222222223,0.5490209999999998,101034.61805555556
2019-01-14,30.123958333333306,24.007638888888906,70.97222222222223,0.593725,100874.13194444444
2019-01-15,28.695138888888884,24.262499999999992,77.47569444444444,0.3205338888888891,100913.4375
